source,title,date
CNN Indonesia,Wamendagri Sebut Dalam Waktu Dekat Ada Kepala Daerah Gabung Retreat,Unknown Date
CNN Indonesia,Kepala Daerah Awali Hari Ketiga Retret Pembekalan dengan Ibadah,Unknown Date
CNN Indonesia,"Lemparan Arhan Makan Korban, Bangkok United Menang di Liga Thailand",Unknown Date
CNN Indonesia,PSSI Resmi Pecat Indra Sjafri,Unknown Date
CNN Indonesia,VIDEO: Hizbullah Gelar Prosesi Pemakaman Hasan Nasrallah,Unknown Date
CNN Indonesia,"PSSI Pecat Indra Sjafri, Timnas Indonesia U-20 Dilatih Vanenburg?",Unknown Date
CNN Indonesia,VIDEO: Microsoft Perkenalkan Chip Kuantum Majorana 1,Unknown Date
CNN Indonesia,Anggun Klarifikasi Isu Zionisme: Komentar Saya Murni Soal Musik,Unknown Date
CNN Indonesia,SBY Terima Jabat Ketua Majelis Tinggi Demokrat 2025-2030,Unknown Date
CNN Indonesia,Anggun Klarifikasi Isu Zionisme: Komentar Saya Murni Soal Musik,Unknown Date
CNN Indonesia,"Debut Sandy Walsh di Liga Jepang: Jadi Bek Kiri, Kartu Kuning, Kalah",Unknown Date
CNN Indonesia,Bandara Beirut Lebanon Ditutup Selama Pemakaman Hassan Nasrallah,Unknown Date
CNN Indonesia,Segini Uang Gaji Gubernur Jakarta dan Tunjangannya Per Bulan,Unknown Date
CNN Indonesia,Kata-kata Erick Thohir usai Copot Indra Sjafri dari Pelatih Timnas U20,Unknown Date
CNN Indonesia,Kapolri Ajak Band Sukatani Jadi Duta Polri: Kami Tak Antikritik,Unknown Date
CNN Indonesia,PSSI Resmi Pecat Indra Sjafri,Unknown Date
CNN Indonesia,Kronologi Perseteruan Agnez Mo vs Ahmad Dhani soal Kasus Hak Cipta,Unknown Date
CNN Indonesia,Hamas Kecam Israel Tunda Pembebasan Tahanan Palestina,Unknown Date
CNN Indonesia,"Lemparan Arhan Makan Korban, Bangkok United Menang di Liga Thailand",Unknown Date
CNN Indonesia,Wamendagri Sebut Dalam Waktu Dekat Ada Kepala Daerah Gabung Retreat,Unknown Date
CNN Indonesia,Sayuran Tinggi Kalsium untuk Kesehatan Tulang: Alternatif Selain Susu,Unknown Date
CNN Indonesia,Warga Serbu Diskon Sembako Jelang Ramadan di Transmart Full Day Sale,Unknown Date
CNN Indonesia,VIDEO: Microsoft Perkenalkan Chip Kuantum Majorana 1,Unknown Date
CNN Indonesia,FOTO: Penusukan di Prancis Buat Warga Sipil Tewas & Polisi Luka,Unknown Date
CNN Indonesia,"PSSI Pecat Indra Sjafri, Timnas Indonesia U-20 Dilatih Vanenburg?",Unknown Date
CNN Indonesia,"Elite PDIP Terus Berdatangan ke Rumah Megawati, Ada Yasonna Laoly",Unknown Date
CNN Indonesia,"Baku Tembak Menegangkan, Bandar Sabu di Asahan Kabur dari Kepungan",Unknown Date
CNN Indonesia,"SBY: Saya Netral di Pilpres 2009 dan 2014, Tak Cawe-cawe",Unknown Date
CNN Indonesia,VIDEO: Hizbullah Gelar Prosesi Pemakaman Hasan Nasrallah,Unknown Date
CNN Indonesia,"KAI Buka Pemesanan KA Tambahan Lebaran, 1,12 Juta Tiket Terjual",Unknown Date
Detik,PSSI Copot Indra Sjafri dari Kursi Pelatih Timnas U-20,Unknown Date
Detik,"Ashley St. Clair Disebut Jebak Elon Musk Agar Hamil, Ini Kata Sang Bos Tesla",Unknown Date
Detik,Sosok Bos Baru James Bond,Unknown Date
Detik,Rutin Minum Air Rebusan Kunyit dan Jahe Setiap Hari? Ini 4 Manfaat yang Bisa Didapat,Unknown Date
Detik,Wajah Abstrak Pekerja Metropolitan,Unknown Date
Detik,Pramono Anung Mendarat di YIA tapi Belum Muncul Retret Kepala Daerah,Unknown Date
Detik,News Feed,Unknown Date
Detik,Video Terpopuler,Unknown Date
Detik,FotoINET,Unknown Date
Detik,Hoegeng Awards 2025,Unknown Date
Detik,Hoegeng Awards 2025,Unknown Date
Detik,Tag Terpopuler,Unknown Date
Detik,Berita Terpopuler,Unknown Date
Detik,Komentar Terbanyak,Unknown Date
Detik,Elite PDIP Irit Bicara Saat Sambangi Rumah Megawati di Teuku Umar,Unknown Date
Detik,Pramono Anung Balik ke Bandara YIA? Ini Kata Bupati Masinton,Unknown Date
Detik,"Peralatan Masak Didiskon Gede-gedean di Transmart Full Day Sale, Jadi Segini Harganya",Unknown Date
Detik,Video: Cerita Kocak Kiky Saputri Sambangi Damkar Sebelum Operasi Caesar,Unknown Date
Detik,Kasus Dugaan Pemerasan Nikita Mirzani: Kronologi hingga Alat Bukti,Unknown Date
Detik,Video: 38 Ketua DPD Demokrat Temui SBY di Cikeas Jelang Kongres Partai,Unknown Date
Detik,Video: Arti Nama Anak Pertama Kiky Saputri dan Khairi,Unknown Date
Detik,Video: Para Ketua DPP PDIP Kembali Sambangi Rumah Megawati Hari Ini,Unknown Date
Detik,Harapan Mantan Bintang James Bond Usai Dibeli Amazon,Unknown Date
Detik,Video: Kapolri Tawarkan Sukatani Jadi Duta Polri untuk Bangun Kritik,Unknown Date
Detik,Ini Nih Negara yang Paling Banyak Tanam Modal di RI!,Unknown Date
Detik,Prabowo Mau Gedung DPR di IKN Dilengkapi Galeri Museum,Unknown Date
Detik,Bosan dengan rutinitas?,Unknown Date
Detik,Hasil Como Vs Napoli: I Lariani Tumbangkan Partenopei 2-1,Unknown Date
Detik,"Mardani PKS: Jika Sudah Jadi Kepala Daerah, Negara Harus di Atas Partai",Unknown Date
Detik,Cerita SBY Tak Pakai Istana untuk Bertemu Pimpinan Partai Saat Jadi Presiden,Unknown Date
Detik,"Punya Butik, Ivan Gunawan Pekerjakan Lansia hingga Difabel",Unknown Date
Detik,Begini Hasil Jepretan Kamera Oppo Find N5,Unknown Date
Detik,Sekjen Golkar Setuju SBY: Kepentingan Negara Mesti Didahulukan dari Partai,Unknown Date
Detik,"Sewa Perumahan Ini Cuma Rp 15.000/Tahun, Tak Pernah Naik Selama 5 Abad",Unknown Date
Detik,"Jalan Kaki Pagi vs Lari Malam, Mana yang Lebih Sehat Buat Jantung?",Unknown Date
Detik,Destinasi Unggulan Surabaya Kini Dilengkapi Huruf Braille,Unknown Date
Detik,BABYMONSTER Tancap Gas Promo di TV Amerika Serikat,Unknown Date
Detik,"Arsenal Vs West Ham: 20 Shot Tanpa Gol, Bukti Darurat Striker?",Unknown Date
Detik,"Ashley St. Clair Disebut Jebak Elon Musk Agar Hamil, Ini Kata Sang Bos Tesla",Unknown Date
Detik,"Tak Ada Sisa, Kuota Haji Khusus 2025 Sudah Full Terisi",Unknown Date
Detik,Prabowo Minta Desain Ulang Gedung Legislatif-Yudikatif di IKN,Unknown Date
Detik,Benarkah Asteroid 2024 YR4 Akan Tabrak Bumi pada 2032? Ini Kata NASA,Unknown Date
Detik,Ancelotti Yakini Derby Madrid di Liga Champions Bakal Menghibur,Unknown Date
Detik,Pemerintah Tegaskan Komitmen Perkuat Perlindungan Hak Cipta di Industri Musik,Unknown Date
Detik,Video SBY Cerita Gagas Jenderal Aktif Harus Pensiun Jika Mau Berpolitik,Unknown Date
Detik,"Pahami Kegelisahan Anak Muda, Zulhas Sebut #KaburAjaDulu Perlu Disikapi Bijak",Unknown Date
Detik,"Video Kini Jadi Seorang Ibu, Kiky Saputri: Nggak Nyangka Banget!",Unknown Date
Detik,30 Ide Kata Happy Anniversary Pernikahan Simpel hingga Islami,Unknown Date
Detik,"Jumlah Penumpang KA Bandara YIA Makin Banyak, Begini Datanya",Unknown Date
Detik,Kader Dukung AHY Tetap Ketum Demokrat dan SBY Ketua Majelis Tinggi Partai,Unknown Date
Detik,Madura United Belum Tumbang Bersama Alfredo Vera,Unknown Date
Detik,Bos Besar Apresiasi Kinerja GAC AION di Indonesia,Unknown Date
Detik,"OpenAI Blokir Akun dari China untuk Pakai ChatGPT, Kenapa?",2025-02-23
Detik,"Video: Tetangga Saling Carok di Lumajang, Satu Tewas",Unknown Date
Detik,"Vincent Verhaag Cukup 3 Anak, Jessica Iskandar Mau Lagi",Unknown Date
Detik,Video: Hujan Deras Bikin Batu Besar di Tebing Timpa Rumah Warga,Unknown Date
Detik,Video SBY Kenang Saat Gagal Jadi Wapres: Kalah Itu Indah,Unknown Date
Detik,Blake Lively dan Ryan Reynolds Berjuang untuk Batalkan Gugatan Justin Baldoni,Unknown Date
Detik,Komunitas RC juga Ikut Promosi Pariwisata Lokal,Unknown Date
Detik,Profil Dean James: Tambahan Tenaga Lini Belakang Timnas Indonesia,Unknown Date
Detik,Singapura Mau Bagi-bagi Kupon dan Potong Pajak Pendapatan hingga 60%,Unknown Date
Detik,Mulia! Bocah Ini Bagi-bagi Minuman ke Pekerja Konstruksi,Unknown Date
Detik,"5 Minuman yang Bisa Bantu Redakan Gejala Penyakit Asam Urat, Termasuk Air Putih",2025-02-23
Detik,"Penampilan Justin Bieber Mengkhawatirkan, Hailey Bieber Disebut Kebingungan",2025-02-23
Detik,"'Lubang Hitam' di Tengah Samudra Pasifik Ini Pernah Sebabkan Rumor Aneh, Padahal..",Unknown Date
Detik,Video: Sederet Prestasi Indra Sjafri Selama Tangani Timnas Indonesia,Unknown Date
Detik,Kiper-kiper Chelsea Bikin Keder,2025-02-23
Detik,"Jalur Pacitan-Ponorogo Longsor, Jalan Tertutup Total",2025-02-23
Detik,"5 Tips Memilih Gaun Pengantin, Mulai dari Tipe Tubuh hingga Tema",Unknown Date
Detik,"Industri Tekstil RI Pecah Jadi Dua, Saling Sikut Agar Tak Mati",Unknown Date
Detik,Pendekatan AKBP Pujewati Ungkap Kasus Agus Difabel yang Tuai Atensi Publik,2025-02-23
Detik,Pengabdian Aipda Jurahman di Bima: Dirikan TPQ hingga Lestarikan Pohon Kesambi,2025-02-23
Detik,prabowo subianto,Unknown Date
Detik,hasto kristiyanto,Unknown Date
Detik,liga champions,Unknown Date
Detik,mendiktisaintek,Unknown Date
Detik,nikita mirzani,2025-02-23
Detik,Apakah Ciuman di Depan Umum Bisa Dipidana di RKUHP? Ini Kata Tim Sosialisasi,2025-02-23
Detik,"Palu Usulan Revisi UU Diketuk, KPK di Ujung Tanduk",Unknown Date
Detik,25 Tanya Jawab tentang Salat,2025-02-23
Detik,Motif Penyerangan di RSPAD Diduga Dendam Lama,2025-02-23
Detik,"Abaikan Laporan Kapal Dinas Dipakai Pilkada, Anggota Bawaslu Taliabu Dipecat",Unknown Date
Detik,Megawati Instruksikan Kepala Daerah PDIP Tunda Retret dengan Prabowo,2025-02-23
Detik,'Agnez Mo adalah Manusia yang Sombong',2025-02-23
Detik,"Usai Dilantik Jadi Gubernur, Dedi Mulyadi Pecat Kepala SMAN 6 Depok!",Unknown Date
Kompas,"Tiga Kepala Daerah Dibawa ke RS, Bima Arya: Mereka Terlalu Lelah",Unknown Date
Kompas,Bima Arya Ungkap Isi Pembicaraan Pramono dan Kemendagri: Ingin Segera Gabung Retreat,Unknown Date
Kompas,"Beredar Kabar Mayora PHK Ribuan Karyawan, Manajemen: Tidak Benar!",Unknown Date
Kompas,"Paus Fransiskus Kirim Pesan dari Rumah Sakit, Apa Isinya?",Unknown Date
Kompas,Cerita Kaum Muda China Pilih Curhat ke AI DeepSeek sampai Teteskan Air Mata,Unknown Date
Kompas,Preman yang Serang Sopir Angkot di Bogor Ditangkap Tanpa Perlawanan,Unknown Date
Kompas,"Akibat Sopir Mengantuk, Truk Terjun ke Sungai di Pelalawan, Ini Daftar Identitas 32 Penumpang",Unknown Date
Kompas,Momen Sandera Israel Cium Dahi 2 Tentara Hamas,Unknown Date
Kompas,"Diskon 50 Persen Berakhir dalam Hitungan Hari, Apa Sisa kWh Token Listrik Bakal Hangus? Ini Kata PLN",Unknown Date
Kompas,"Serunya Kenduren Durian Wonosalam Jombang, Ribuan Duren Dibagikan Gratis",Unknown Date
Kompas,Produk Rekomendasi,Unknown Date
Kompas,"Pesan Tegas SBY ke Kader Demokrat: Negara Dulu Baru Partai, Jangan Dibalik",Unknown Date
Kompas,"Ukraina Belum Siap Kesepakatan Mineral, tapi AS Percaya Diri",Unknown Date
Kompas,Bang Doel Ungkap Langkah Konkret untuk Selesaikan Problem Sampah di Jakarta,Unknown Date
Liputan6,Menelisik Pengelolaan Uang Negara dan Pendirian Danantara,Unknown Date
Liputan6,TOPIK POPULER,Unknown Date
Liputan6,Populer,Unknown Date
Liputan6,EFISIENSI ANGGARAN,Unknown Date
Liputan6,SPECIAL CONTENT,Unknown Date
Liputan6,"Eksklusif 6 Fakta Danur 4 Syuting Besok: Penantian Fans Dibayar Lunas, Prilly Latuconsina Comeback!",Unknown Date
Liputan6,"Initial Coin Offering di Indonesia, Peluang atau Tantangan?",Unknown Date
Liputan6,Danantara Bisa Genjot Investasi EBT hingga Ketahanan Pangan,Unknown Date
Liputan6,CEK FAKTA,Unknown Date
Liputan6,Video Hoaks Sepekan: Penampakan Clownfish Ukuran Jumbo hingga Cristiano Ronaldo Tiba di Jakarta,Unknown Date
Liputan6,Manfaat di Balik Tindakan Kecil Berjalan Kaki Jadi Tema Kumpul Fakta Liputan6.com,Unknown Date
Liputan6,"Intip Keseruan Kumpul Fakta Liputan6.com, Kampanye Anti-hoaks dan Hidup Sehat",Unknown Date
Tribunnews,TopStories,Unknown Date
Tribunnews,Konflik Palestina Vs Israel,Unknown Date
Tribunnews,TopStories,Unknown Date
Tribunnews,FotoPilihan,Unknown Date
Tribunnews,BeritaPopuler,Unknown Date
Tribunnews,TrendingTopik,2025-02-23
Tribunnews,BeritaLokal,Unknown Date
Tribunnews,WikiPopuler,Unknown Date
Tribunnews,Hukuman Siswa SMP Pelaku Pemukulan di Pertandingan Basket Bogor Ditambah: Dilarang Tampil 2 Tahun,Unknown Date
Tribunnews,"Rudal Houthi Yaman 'Gempur' Jet Tempur F-16 Milik AS, Serangan untuk Pertama Kalinya",Unknown Date
Tribunnews,Bamsoet Ajak Komunitas Otomotif Junjung Nilai Brotherhood untuk Jaga Persatuan dan Kesatuan Bangsa,Unknown Date
Tribunnews,Nyawa Ayah dan Anak di Blora Melayang Usai Minum Air Mineral yang Tercampur Racun Rumput,Unknown Date
Tribunnews,"Hasil Liga Italia: Bungkam Napoli 2-1, Como Akhiri Rasa Penasaran Sejak 2004 Silam",Unknown Date
Tribunnews,Lestari Moerdijat Dorong Transparansi dalam Penyaluran Bantuan Beasiswa PIP,Unknown Date
Tribunnews,Beberapa Kepala Daerah Tinggalkan Akmil Magelang karena Jenguk Anak yang Sakit Parah,Unknown Date
Tribunnews,"Sisihkan Puluhan Ribu Pendaftar dari Seluruh Indonesia, 60 Remaja Terpilih Menjadi Penebar Kebaikan",Unknown Date
Tribunnews,"Vinanda Prameswati, S.H., M.Kn.",Unknown Date
Tribunnews,Keluarga Feni Ere Ungkap Kejanggalan Sebelum Korban Hilang: Kami Tak Berdaya Menangkap Pelakunya,Unknown Date
Tribunnews,Kabar Abroad Timnas Indonesia: Debut Sandy Walsh di Liga Jepang Berakhir Kelam,Unknown Date
Tribunnews,Trump: Ukraina Harus Beri Kompensasi atas Bantuan AS selama Perang Lawan Rusia,Unknown Date
Tribunnews,Oknum Polisi Rudapaksa 2 Remaja Putri di Ruang Tahanan Mapolres Kaimana Papua Barat Hebohkan Medsos,Unknown Date
Tribunnews,Kemampuan Tempur Militer Ukraina Akan Tergerus jika AS Hentikan Starlink di Ukraina,Unknown Date
Tribunnews,"Israel Tunda Pembebasan 620 Tahanan Palestina, Apa Sebabnya?",Unknown Date
Tribunnews,5 Fakta Menarik Pembebasan 6 Sandera Israel oleh Hamas di Jalur Gaza,Unknown Date
Tribunnews,"2 Sandera Israel Terkejut Lihat 3 Rekannya Bebas, Desak Netanyahu Lanjutkan Pertukaran Tahanan",Unknown Date
Tribunnews,Analisis Pakar Israel tentang Pemilihan Lokasi Pemakaman Eks Sekjen Hizbullah Hassan Nasrallah,Unknown Date
Tribunnews,"Hari Ini Eks Sekjen Hizbullah Hassan Nasrallah Dimakamkan di Dekat Bandara, Upacaranya di Stadion",Unknown Date
Tribunnews,Hamas Kecam Penundaan Pembebasan 620 Tahanan Palestina oleh Israel,Unknown Date
Tribunnews,"Hamas Kecam Keputusan Israel yang Tunda Bebaskan 620 Tahanan Palestina, Bantah Klaim Zionis",Unknown Date
Tribunnews,"Israel Tunda Bebaskan 620 Tahanan Palestina, Netanyahu: Ini akibat Hamas Salah Kirim Jenazah Sandera",Unknown Date
Tribunnews,Mengapa Nasrallah Dimakamkan di Dekat Bandara dan Upacaranya di Stadion? Ini Analisis Pakar Israel,Unknown Date
Tribunnews,"5 Fakta Pembebasan Sandera Israel: Tawanan IDF Cium Kening Al-Qassam, Hamas Pamer Senjata",Unknown Date
Tribunnews,›,Unknown Date
Tribunnews,"Israel Tunda Pembebasan 620 Tahanan Palestina, Apa Sebabnya?",Unknown Date
Tribunnews,5 Fakta Menarik Pembebasan 6 Sandera Israel oleh Hamas di Jalur Gaza,Unknown Date
Tribunnews,"Tiga Kepala Daerah Dilarikan ke RS karena Kelelahan: Dua Orang Dirawat, Satu Disuntik Vitamin C",Unknown Date
Tribunnews,"Klasemen Proliga 2025 Putri & Daftar Tim Lolos Final Four, Gresik Petrokimia Amankan Tiket Terakhir",Unknown Date
Tribunnews,"2 Sandera Israel Terkejut Lihat 3 Rekannya Bebas, Desak Netanyahu Lanjutkan Pertukaran Tahanan",Unknown Date
Tribunnews,"Awal Mula Penemuan Kerangka Feni Ere di Palopo, Hilang Sejak Januari 2024 dan Diduga Dibunuh",Unknown Date
Tribunnews,"Band Sukatani Ogah Nyanyikan Lagu Bayar, Bayar, Bayar saat Manggung di Tegal meski Dibolehkan Polisi",Unknown Date
Tribunnews,BREAKING NEWS: Tiga Kepala Daerah Dilarikan ke RS Tidar Magelang Imbas Kelelahan Ikut Retret,Unknown Date
Tribunnews,"Bupati Purbalingga Soroti Pemecatan Novi dari Guru SD, Vokalis Sukatani Dinilai Buka Aurat",Unknown Date
Tribunnews,Satu Orang Tewas dalam Duel Bersenjata Celurit di Padang Lumajang,Unknown Date
Tribunnews,Hidayat Nur Wahid Ungkap Tantangan Besar dalam Pengelolaan Haji ke Depan,Unknown Date
Tribunnews,"Bocah di Garut Tewas Usai Tangannya Tersangkut di Pipa Air, Warga Sempat Bantu Kuras Kolam Renang",Unknown Date
Tribunnews,SDIT Mutiara Hati Banjarnegara Akui Vokalis Band Punk Sukatani Merupakan Guru yang Baik,Unknown Date
Tribunnews,24 Februari 2025 Memperingati Hari Apa? Ada Hari Bartender Sedunia,Unknown Date
Tribunnews,"Hari Ke-1096 Perang Rusia-Ukraina: Bela Zelensky, Inggris Siap Umumkan Sanksi Baru untuk Rusia",Unknown Date
Tribunnews,Mengenal Gangguan Mata Kering yang Dipicu Perubahan Gaya Hidup di Era Digital,Unknown Date
Tribunnews,"Diarak Warga ke Balai Desa, Pelaku Pencurian Pisang Dapat Bantuan dari Polisi dan Gus Miftah",Unknown Date
Tribunnews,"Hasil Proliga 2025 Putri: Livin Mandiri Kalah 1-3, BJB Loloskan Gresik Petrokimia ke Final Four",Unknown Date
Tribunnews,Sambut Semarak Ramadan dengan Berbuka Puasa Sepuasnya di Avenzel Hotel & Convention,Unknown Date
Tribunnews,"Fakta Pemecatan Vokalis Sukatani dari Guru SD, Dilakukan Sebelum Lagu Bayar Bayar Bayar Ditarik",Unknown Date
Tribunnews,"Setahun Dilaporkan Hilang, Feni Ere Ditemukan Sudah jadi Kerangka di Palopo, Pelaku Masih Diburu",Unknown Date
Tribunnews,Analisis Pakar Israel tentang Pemilihan Lokasi Pemakaman Eks Sekjen Hizbullah Hassan Nasrallah,Unknown Date
Tribunnews,"Pelaku Pencurian Pisang Dapat Bantuan dari Bupati Pati, Putus Sekolah karena Ditinggal Orang Tua",Unknown Date
Tribunnews,"Update Top Skor Liga Voli Korea: Megawati Ajek di 3 Besar, Megatron Butuh 28 Poin Demi Rekor Baru",Unknown Date
Tribunnews,Ini Tugas dan Kewenangan Danantara: Kelola Dividen BUMN Hingga Pejabat Tak Bisa Dijerat Hukum,Unknown Date
Tribunnews,"Militer Ukraina Terancam Diguncang 'Bom Waktu', AS Ancam Hentikan Starlink di Ukraina",Unknown Date
Tribunnews,"Nikita Mirzani Cerita Pertemuan Pertama dengan Lolly, Akui Masih Canggung",Unknown Date
Tribunnews,"Kiky Saputri Umumkan Kelahiran Anak Pertama, Ini Namanya",Unknown Date
Tribunnews,Hamas Kecam Penundaan Pembebasan 620 Tahanan Palestina oleh Israel,Unknown Date
Tribunnews,Gerindra Jakarta Singgung Komitmen Prabowo Perjuangkan Program Prorakyat,Unknown Date
Tribunnews,"Malaysia Segera Punya Pemain Naturalisasi asal Belanda, Pernah Setim dengan Eliano Reijnders",Unknown Date
Tribunnews,"Kunci Gitar Marhaban Ya Ramadhan - Haddad Alwi ft Anti: Selamat Datang Ramadhan, Bulan Penuh Ampunan",Unknown Date
Tribunnews,"Besok Prabowo Luncurkan Danantara, Badan Pengelola Modal dan Aset Negara Ribuan Triliun Rupiah",Unknown Date
Tribunnews,"Profil Danantara yang Diresmikan Prabowo Besok: Ditolak di Indonesia, Diterima di Negeri Jiran",Unknown Date
Tribunnews,"Band Sukatani Ogah Nyanyikan Lagu Bayar, Bayar, Bayar saat Manggung di Tegal meski Dibolehkan Polisi",Unknown Date
Tribunnews,"Jadwal Libur Awal Puasa Ramadhan untuk Anak Sekolah, Dimulai Kamis 27 Februari 2025",Unknown Date
Tribunnews,"Nikita Mirzani Cerita Pertemuan Pertama dengan Lolly, Akui Masih Canggung",Unknown Date
Tribunnews,"Wisata Curug Gedhe Gunungkidul: Lokasi, Daya Tarik, Fasilitas, Harga Tiket, Jam Buka Terbaru 2025",Unknown Date
Tribunnews,"Pantai Bidara Kulon Progo; Lokasi, Daya Tarik, Fasilitas, Harga Tiket, Jam Buka Terbaru 2025",Unknown Date
Tribunnews,Dr. Pratama Dahlian Persadha,Unknown Date
Tribunnews,FILM - 1 Million Followers (2025),Unknown Date
Tribunnews,Film - Kultus Iblis (2023),Unknown Date
Tribunnews,Film - Gampang Cuan (2023),Unknown Date
Viva,"Profil Jairo Riedewald, Calon Pemain Timnas Indonesia yang Proses Naturalisasinya Tersendat",Unknown Date
Viva,"Viral! Pengantin Wanita Melempar Celana Dalam untuk Hentikan Hujan, Netizen Terheran-heran",Unknown Date
Viva,"SBY ke 38 Ketua DPD Demokrat: Tidak Elok Tiba-tiba yang Dikedepankan Partainya, This Not etika",Unknown Date
Viva,"Bupati Manggarai Taati Perintah Megawati, Tolak Ikuti Retret di Akmil Magelang",Unknown Date
Viva,"Bupati Brebes Kader PDIP Ikuti Retret di Magelang, Wakil Bupati Ambil Alih Tugas Pemerintahan",Unknown Date
Viva,Anggota DPR Cecar Kemnaker Sulitnya Klaim BPJS Ketenagakerjaan,Unknown Date
Viva,300 Lebih Polisi Jaga Demo Driver Ojol di Kemnaker Hari Ini,Unknown Date
Viva,"Siap-siap Sudah Dapat Ojol, Drivernya Mau Demo dan Off Bid",Unknown Date
Viva,10 Aplikasi Terbaik untuk Menyewa Rumah dengan Mudah dan Cepat,Unknown Date
Viva,SBY Kenang Gagal jadi Wapres Dampingi Megawati: Kalah Itu Indah,Unknown Date
Viva,"Gugatan Pilkada Bungo Masuki Babak Akhir, Kuasa Hukum Dedy-Dayat Minta Hal Ini ke Hakim MK",Unknown Date
Viva,"Gencarkan Sosialisasi Rekrutmen Terpadu, Polri: Masuk Polisi Gratis!",Unknown Date
Viva,Terus Latihan Penyelesaian Akhir Barisan Lini Depan Arema FC Mulai Moncer,Unknown Date
Viva,"1,2 Juta Tiket Kereta Sudah Dipesan, KAI Buka 1.080 Tambahan Lebaran Tahun Ini",Unknown Date
Viva,"Rp 90,6 Triliun Digelontorkan MIND ID dalam 5 Tahun Untuk Pacu Hilirisasi Minerba",Unknown Date
Viva,RUU KUHAP Diminta Kedepankan Prinsip Check and Balance,Unknown Date
Viva,Menenangkan Hati di Pangkadari : Air Terjun Cantik dan Kolam Toska yang Jernih,Unknown Date
Viva,Cara Melihat Aktivitas WhatsApp di Google My Activity dan Menjaga Privasi Anda,Unknown Date
Viva,"Ayam Kecap Empuk Bikin Nambah Nasi Terus, Resep Menu Sahur ala Emak",Unknown Date
Viva,"Menteri PU Kunjungi Stadion Surajaya Lamongan, Pastikan Pembangunan Rampung",Unknown Date
Viva,"Raja Android Serbaguna Redmi Note 13 Pro 5G, Lebih Berkualitas Dibanding iPhone 16e?",Unknown Date
Viva,"DANANTARA: Senin Besok (24/2/2025), Presiden Prabowo Dijadwalkan akan Luncurkan Danantara di Istana",Unknown Date
Viva,Pengakuan Pelatih Persib Bandung usai Gagal Menang Lawan Madura United,Unknown Date
Viva,23 Feb 2025,Unknown Date
Viva,"Chelsea Disiksa Pemain Buangan MU dan Real Madrid, Unai Emery Senang Bukan Kepalang",Unknown Date
Viva,23 Feb 2025,Unknown Date
Viva,Mikel Arteta Ngamuk Usai Arsenal Dipecundangi West Ham,Unknown Date
Viva,23 Feb 2025,Unknown Date
Viva,Megawati Terus Tunjukkan Kilaunya Bersama Red Sparks,Unknown Date
Viva,23 Feb 2025,Unknown Date
Viva,Eshark Rok Cup Indonesia 2025: Kembalinya Keanon Santoso ke Dunia Gokart,Unknown Date
Viva,23 Feb 2025,Unknown Date
Viva,Bandung BJB Tandamata Incar Kemenangan di Laga Pamungkas Proliga 2025,Unknown Date
Viva,22 Feb 2025,Unknown Date
Viva,Tanggapan Menohok Desy Ratnasari Soal Irwan Mussry yang Tinggalkan Dirinya Demi Maia Estianty,Unknown Date
Viva,Starlink Akan Ditutup,Unknown Date
Viva,"Menebak Harga Poco X7 5G di Indonesia, Ternyata Segini",Unknown Date
Viva,"Tangis Desta Pecah Bacakan Puisi Miliknya, Natasha Rizky: Mungkin Dia Terbawa Perasaan",Unknown Date
Viva,"Bupati Manggarai Taati Perintah Megawati, Tolak Ikuti Retret di Akmil Magelang",Unknown Date
Viva,Anggota DPR Cecar Kemnaker Sulitnya Klaim BPJS Ketenagakerjaan,Unknown Date
Viva,300 Lebih Polisi Jaga Demo Driver Ojol di Kemnaker Hari Ini,Unknown Date
Viva,"Siap-siap Sudah Dapat Ojol, Drivernya Mau Demo dan Off Bid",Unknown Date
Viva,TIMNAS,Unknown Date
Viva,Trending,Unknown Date
Viva,Politik,Unknown Date
Viva,Nasional,Unknown Date
Viva,Nasional,Unknown Date
Viva,Video,Unknown Date
Viva,Metro,Unknown Date
Viva,Metro,Unknown Date
Viva,Digilife,Unknown Date
Viva,Politik,Unknown Date
Viva,Politik,Unknown Date
Viva,Nasional,Unknown Date
Viva,Liga Indonesia,Unknown Date
Viva,Bisnis,Unknown Date
Viva,Bisnis,Unknown Date
Viva,Nasional,Unknown Date
Viva,NTT,Unknown Date
Viva,Techno,Unknown Date
Viva,Cianjur,Unknown Date
Viva,Jatim,Unknown Date
Viva,Olret,Unknown Date
Viva,Wisata,Unknown Date
Viva,Gosip,Unknown Date
Viva,Digilife,Unknown Date
Viva,Piranti,Unknown Date
Viva,Gosip,Unknown Date
Viva,Nasional,Unknown Date
Viva,Video,Unknown Date
Viva,Metro,Unknown Date
Viva,Metro,Unknown Date
Suara,Sisi Lain Emil Audero: Penikmat Wine hingga Koleksi 300 Botol,Unknown Date
Suara,"Prabowo Luncurkan Danantara di Istana Besok, Targetkan Pertumbuhan Ekonomi 8 Persen!",Unknown Date
Suara,"Mahfud MD Bela Band Punk Sukatani, Bikin Lagu Mengkritik Adalah HAM!",Unknown Date
Suara,Pendapatan Pajak Jakarta Terancam Turun! Imbas Efisiensi Anggaran Prabowo,Unknown Date
Suara,"Lirik 'Bayar Bayar Bayar' Tak Masalah, Kapolri Ingin Sukatani Jadi Duta Polri",Unknown Date
Suara,Kampanye Shopee Big Ramadan Sale 2025 Jadi Kesempatan UMKM dan Brand Lokal Bersinar,Unknown Date
Suara,"Nekat Foto Hiu dari Jarak Dekat di Pantai, Turis Kanada Kehilangan 2 Tangan",Unknown Date
Suara,Hizbullah Kerahkan Massa dari Luar Negeri untuk Pemakaman Nasrallah dan Safieddine,Unknown Date
Suara,"Eksodus Palestina: Menhan Israel Perintahkan Militer ""Tetap"" di Tepi Barat",Unknown Date
Suara,Wilmar Cetak Profesional di Industri Sawit,Unknown Date
Suara,Maruarar Sirait Bidik Lahan eks Pengemplang Dana BLBI di Karawaci untuk Proyek MBR,Unknown Date
Suara,"Waskita Karya Pamer Kontrak Baru, Wijaya Karya Justru Merana",Unknown Date
Suara,Debut Mengecewakan Sandy Walsh di J-League: Diganjar Kartu Kuning hingga...,Unknown Date
Suara,Shin Tae-yong Gantikan Indra Sjafri? Erick Thohir Kasih Kode Ini,Unknown Date
Suara,Ramadhan Sananta: Saya Gak Takut dengan Ole Romeny,Unknown Date
Suara,Keputusan PSSI Pecat Indra Sjafri Disambut Nyinyir Netizen: Taunya Ditunjuk Jadi Wakil Dirtek,Unknown Date
Suara,"Rekam Jejak Daud Yordan: Anggota DPD RI, Juara Dunia yang Cuma 4 Kali Kalah, Kini Bersiap Hancurkan George Kambosos Jr",Unknown Date
Suara,"Jadwal Red Sparks Siang Ini: Tantang GS Caltex, Misi Geser Hyundai Hillstate",Unknown Date
Suara,"Kemenpora Masih Tinjau Proposal Pelatnas 2025, Baru 4 Cabor yang Selesai",Unknown Date
Suara,Mau Tampil Kompak saat Lebaran? Intip Model Gamis Couple Modern Ini!,Unknown Date
Suara,"Inspirasi Nama Bayi Perempuan dari Anak Artis yang Lahir di Awal 2025, Indah dan Penuh Makna!",Unknown Date
Suara,"Download Gratis! Kumpulan PP Kucing Nuansa Ramadhan Islami, Super Menggemaskan!",Unknown Date
Suara,"Ameena Rayakan Ultah bersama Anak Panti Asuhan, Isi Hampersnya Gak Main-Main: Ada Skincare!",Unknown Date
Suara,Bupati Purbalingga Janji Bantu Novi Vokalis Sukatani Cari Pekerjaan Baru Usai Dipecat Jadi Guru,Unknown Date
Suara,"Perjalanan Kiky Saputri Jadi Ibu, Sempat Keguguran Hingga Lahirkan Anak Pertama",Unknown Date
Suara,"Hak Rakyat Dikorbankan, Garin Nugroho Desak Pemerintah Lakukan Ini",Unknown Date
Suara,Berapa Tekanan Udara pada Ban Mobil yang Tepat? Simak Panduannya,Unknown Date
Suara,"Bukan Pemain Kelas Teri, Ini Perusahaan yang Diprediksi akan Selamatkan Nissan",Unknown Date
Suara,"Seganteng Land Cruiser, Lebih Murah dari Fortuner? Toyota Siapkan SUV Baru yang Bikin Penasaran",Unknown Date
Suara,Honda Sesumbar akan Kuasai Pasar Motor Global 50 Persen di 2030,Unknown Date
Suara,Danantara Dibongkar Dahlan Iskan: Peluang Besar atau Bom Waktu,Unknown Date
Suara,"Geger Band Sukatani Diintimidasi hingga Lagunya Ditarik, Personilnya Juga Dipecat Jadi Guru Honor?",Unknown Date
Suara,"Tanggapi Meme Jokowi Masuk Gorong-Gorong, Politisi PSI: Awal Kehancuran PDIP?",Unknown Date
Suara,Mitos atau Fakta: Kompres Air Dingin Atasi Mata Kering?,Unknown Date
Suara,7 Manfaat Ajaib Kurma: Dari Lancarkan Pencernaan Hingga Jantung Sehat!,Unknown Date
Suara,"Pentingnya Vaksinasi Influenza Ibu Hamil, Bisa Jadi Garda Terdepan Lindungi Antibodi Bayi?",Unknown Date
Suara,Deg-Degan Saat Istirahat hingga Nyeri Dada Tanda Aritmia Jantung? Ini Penjelasan Dokter!,Unknown Date
Suara,Hukum Pakai Makeup Saat Puasa Ramadhan,Unknown Date
Suara,"3 Contoh Pidato Bulan Ramadhan 2025 Singkat, Referensi Materi Kultum Pengajian",Unknown Date
Suara,Prof Tumiran Ungkap Strategi Jitu Capai Pertumbuhan Ekonomi 8 Persen dengan Transisi Energi,Unknown Date
Suara,Eksklusif! Ketua Tim Transisi Ima Mahdiah Sebut Karakter Pramono Enggak Ikut Anies atau Ahok,Unknown Date
Suara,"Captain America: Brave New World, Upaya Putus Asa MCU untuk Tetap Relevan",Unknown Date
Suara,Intimidasi di Balik Layar: Sukatani dan 'Bayar Bayar Bayar' yang Tak Bisa Dibayar,Unknown Date
Suara,"Setelah Satryo, Siapa Nama Menteri yang Layak Di-reshuffle Presiden Prabowo?",Unknown Date
Suara,"Dari ""Ndasmu"" ke ""Kau yang Gelap"": Mengapa Gaya Komunikasi Pemerintahan Prabowo Subianto Berbahaya?",Unknown Date
Suara,Shin Tae-yong Gantikan Indra Sjafri? Erick Thohir Kasih Kode Ini,Unknown Date
Suara,Keputusan PSSI Pecat Indra Sjafri Disambut Nyinyir Netizen: Taunya Ditunjuk Jadi Wakil Dirtek,Unknown Date
Suara,"Investasi Rp42 Triliun Era Jokowi Terancam Gulung Tikar, Bagaimana Nasib Pekerja?",Unknown Date
Suara,"Patrick Kluivert Belum Pilih Asisten Lokal, Erick Thohir Ogah Ikut Campur",2025-02-23
Suara,"Politisi Prancis Menilai Larangan Abaya Bentuk ""Obsesi Menolak Islam""",Unknown Date
Suara,"Hambali, Otak Bom Bali 2002 Pekan Ini Disidang di Kamp Guantanamo",Unknown Date
Suara,Dua Kapal Nelayan Indonesia Hilang di Perairan Australia,Unknown Date
Suara,"Gereja di Filipina Jadi Target Bom Kelompok Militan Islam, 4 Orang Tewas",Unknown Date
Suara,Vietnam Diguncang Skandal Korupsi Terbesar di  Asia Tenggara,Unknown Date
Suara,"Presiden Palestina Dikecam Israel, AS dan Eropa atas Pernyataan Holocaust",Unknown Date
Suara,Detik-Detik yang Mengubah Segalanya: Bagaimana Pesawat di Kanada Terbalik dan Penumpang Bisa Selamat?,Unknown Date
Suara,Mengurai Kompleksitas Nazisme: Mengapa Tak Bisa Sekadar Disebut Gerakan Kiri atau Kanan?,Unknown Date
Suara,Menelusuri Kota Myanmar yang Dibangun dari Bisnis Penipuan Online,Unknown Date
Suara,Indonesia Berjaya Borong 4 Gelar di Singapore International Challenge 2025,Unknown Date
Suara,"PSSI Tugaskan Wasit asing di Liga 1 dan Liga 2, Ini Komentar Erick Thohir!",Unknown Date
Suara,"Ulasan Novel 'The Battle Perfect', Ancaman Pasukan Zombie Menyerang Kota",Unknown Date
Suara,"Alat Berat Sudah Parkir, Smelter Nikel PT GNI yang Diresmikan Jokowi Terancam Tutup Pabrik",Unknown Date
Suara,Nikita Mirzani Akui Terima Uang Tutup Mulut dari Reza Gladys: Dikasih Duit Ya Diambil,Unknown Date
Suara,Kemendagri Beberkan Sanksi untuk Kepala Daerah yang Absen Retreat di Akmil Magelang,Unknown Date
Suara,"Rumah Mau Dirobohkan Nikita Mirzani, Umar Badjideh: Duit Endorse Berapa, Biaya Renovasi Berapa...",Unknown Date
Suara,Jairo Riedewald: Saya Adalah Kelinci Percobaan,Unknown Date
Suara,"Nikita Mirzani Ngaku Dikasih Uang Cuma-cuma, Pengacara Reza Gladys: Siapa yang Ikhlas Kasih Rp4 Miliar?",Unknown Date
Suara,Cek Fakta: Prabowo Minta Semua Stasiun TV Putar Keroncong Jam 6 Pagi untuk Tumbuhkan Rasa Cinta Tanah Air,Unknown Date
Suara,LPCK Resmikan Taman Bermain untuk Hewan Peliharaan,Unknown Date
Suara,"Terkuak Alasan PSSI Belum Naturalisasi Miliano Jonathans, Ternyata...",Unknown Date
Suara,"Megawati Hangestri Tampil Menawan, Red Sparks Hempaskan GS Caltex",Unknown Date
Suara,Mau Sticker Kue Kering Lebaran Murah Meriah? Cek Link Ini!,Unknown Date
Suara,"Dituding Dukung Israel, Anggun C Sasmi Klarifikasi: Saya Bicara Soal Musik, Bukan Politik!",Unknown Date
Suara,"Yamaha Kenalkan Motor Hybrid ""Paralel"", Apa Keunggulannya?",Unknown Date
Suara,"Viral WNI di Jepang Dapat Pengembalian Pajak, Netizen Singgung ""Coretax""",Unknown Date
Suara,7 Fakta Penting Herpes Zoster: dari Risiko hingga Cara Pencegahannya yang Harus Diketahui,Unknown Date
Suara,"Perjalanan Karier Nadya Arina, Awalnya Tak Minat Berakting",Unknown Date
Suara,"Rano Karno Siap Hadiri Penutupan Retreat, Meski Dilarang PDIP",Unknown Date
Merdeka,Topik Populer,Unknown Date
Merdeka,Berita Pilihan,Unknown Date
Merdeka,Berita Populer,Unknown Date
Merdeka,Berita Terbaru,Unknown Date
Merdeka,Topik Populer,Unknown Date
Merdeka,Berita Terpopuler,Unknown Date
Merdeka,"VIDEO: Dilarang Keras Mega, Deretan Kepala Daerah PDIP Tetap Ikut Retreat Prabowo di Akmil Magelang",Unknown Date
Merdeka,VIDEO: Pernyataan Keras Ketum PDIP Megawati Tanggapi Hasto Ditahan KPK,Unknown Date
Merdeka,"Praperadilan Ditolak, Bukti Tak Ada Politisasi dalam Kasus Hasto",Unknown Date
Merdeka,Maruarar soal Hasto Minta KPK Periksa Keluarga Jokowi: Silakan Saja,Unknown Date
Merdeka,"VIDEO: Protes Hasto PDIP Ditahan KPK, Adian Turun Mobil Komando Baca Puisi ""Lampu Merah""",Unknown Date
Merdeka,"Akibat Suporter Rusuh, Persela Lamongan Disanksi Berat Musim Depan Main Tanpa Penonton",Unknown Date
Merdeka,Wamendagri Bima Arya Beri Bocoran: Dalam Waktu Dekat Ada Kepala Daerah Gabung Retret,Unknown Date
Merdeka,"Tragis, Bocah Enam Tahun Meninggal Dunia Usai Tangan Terjebak di Saluran Air saat Berenang",Unknown Date
Merdeka,Link Live Streaming Manchester City Vs Liverpool,Unknown Date
Merdeka,FOTO: Wow! Ribuan Durian Dibagikan Gratis saat Kenduri Durian,Unknown Date
Merdeka,"VIDEO: Dilarang Keras Mega, Deretan Kepala Daerah PDIP Tetap Ikut Retreat Prabowo di Akmil Magelang",Unknown Date
Merdeka,VIDEO: Pernyataan Keras Ketum PDIP Megawati Tanggapi Hasto Ditahan KPK,Unknown Date
Merdeka,"Praperadilan Ditolak, Bukti Tak Ada Politisasi dalam Kasus Hasto",Unknown Date
Merdeka,Maruarar soal Hasto Minta KPK Periksa Keluarga Jokowi: Silakan Saja,Unknown Date
Merdeka,"VIDEO: Protes Hasto PDIP Ditahan KPK, Adian Turun Mobil Komando Baca Puisi ""Lampu Merah""",Unknown Date
Antara News,"Kalah dari Korsel, Indonesia akhiri kualifikasi FIBA Asia tanpa menang",Unknown Date
Antara News,Wamentan: Efisiensi untuk pembangunan sekolah-peningkatan pertanian,Unknown Date
Antara News,Wapres tekankan pemberdayaan ekonomi lokal melalui pelestarian budaya,Unknown Date
Antara News,Ekonom sebut Danantara perkuat transparansi pengelolaan aset negara,Unknown Date
Antara News,Presiden Prabowo luncurkan Danantara di Istana pada Senin,Unknown Date
Antara News,Menkum tepis ada intervensi Presiden saat kumpulkan hakim di Istana,Unknown Date
Antara News,Paus Fransiskus bisa beristirahat usai terserang asma,Unknown Date
Antara News,Aldi Satya Mahendra puas dengan debutnya di World Supersport,Unknown Date
Antara News,PSSI membebastugaskan pelatih timnas U-20 Indra Sjafri,Unknown Date
Antara News,Kapolri ajak Band Sukatani jadi duta Polri,Unknown Date
Antara News,Menteri Kebudayaan tinjau ribuan koleksi sejarah di Museum Kalbar,Unknown Date
Antara News,"Peringati Hari Kanker Sedunia 2025, RSUP Ngoerah gelar pemeriksaan kesehatan gratis",Unknown Date
Antara News,Proliga 2025: Jakarta Popsivo Polwan kalahkan Yogya Falcons 3-1,Unknown Date
Antara News,Kelompok tani bongkar pagar yang dibangun pengusaha tambak untuk menutup kawasan hutan pesisir,Unknown Date
Antara News,Tradisi nawu Sendang Gotan wujud syukur kepada Tuhan dengan menjaga kelestarian sumber mata air,Unknown Date
Antara News,TPU di Jakarta ramai warga muslim berziarah jelang Ramadhan,Unknown Date
Antara News,Puluhan rumah dan sekolah terendam banjir luapan sungai di Jambi,Unknown Date
Antara News,Nelayan Muara Angke minta aturan terkait VMS dicabut,Unknown Date
Antara News,"Jelang Ramadhan, Pasar Tanah Abang dipadati pembeli",Unknown Date
Antara News,Mahasiswa UI tawarkan solusi 3D hadapi perubahan iklim,Unknown Date
Antara News,Pemprov Jakarta kerahkan ribuan personel keruk sungai,Unknown Date
Antara News,Wagub DKI Jakarta minta warga ikut berperan aktif tangani banjir,Unknown Date
Antara News,Bappenas: RI butuh transformasi ekonomi agar berpenghasilan tinggi,Unknown Date
Antara News,DPD Partai Demokrat dukung AHY kembali jadi ketua umum,Unknown Date
Antara News,Lebanon siapkan pemakaman bersejarah untuk pemimpin Hizbullah,Unknown Date
Antara News,Polres Jakpus tangkap tiga remaja saat bubarkan tawuran di Cikini,Unknown Date
Antara News,SIM keliling tersedia di tiga lokasi Jakarta pada Minggu,Unknown Date
Antara News,Pelafalan huruf hijaiyah bersama 3.230 santri RTQ catat rekor Muri,Unknown Date
Antara News,Lemhannas dorong kepala daerah miliki karakter negarawan,Unknown Date
Antara News,Carlos Pena kecewa dengan permainan Persija saat kalah dari PSM,Unknown Date
Antara News,Nelayan Muara Angke minta aturan terkait VMS dicabut,Unknown Date
Antara News,Popsivo Polwan juara putaran kedua seusai kalahkan Falcons 3-1,Unknown Date
Antara News,Indodax: Implementasi pajak kripto masih hadapi tantangan,Unknown Date
Antara News,Pemkab Jombang: Kenduri Durian ucapan syukur produksi melimpah,Unknown Date
Antara News,100 prajurit Kodam Mulawarman disiagakan jaga kawasan Kota Nusantara,Unknown Date
Antara News,Pengamat sebut bank emas dapat jadi alternatif dorong inklusi keuangan,Unknown Date
Antara News,Tiga peserta retret di Akmil dibawa ke RSU Tidar,Unknown Date
Antara News,Celltech Stem Cell dan RSPPN kerja sama pelayanan terapi sel punca,Unknown Date
Antara News,Fan: Terima kasih timnas sudah berjuang di kualifikasi FIBA Asia Cup,Unknown Date
Antara News,"Kalah dari Korsel, Indonesia akhiri kualifikasi FIBA Asia tanpa menang",Unknown Date
Antara News,"Jelang Ramadhan, Pasar Tanah Abang dipadati pembeli",Unknown Date
Antara News,Hamas kecam Israel karena menunda pembebasan warga Palestina,Unknown Date
Antara News,"Peringati Hari Kanker Sedunia 2025, RSUP Ngoerah gelar pemeriksaan kesehatan gratis",Unknown Date
Antara News,Dmitry Bivol balas kekalahan dengan kemenangan mutlak atas Beterbiev,Unknown Date
Antara News,Madura United tahan imbang Persib Bandung 0-0 di kandang,Unknown Date
Antara News,Presiden undang Dirpem Antara-pimred media untuk diskusi di Hambalang,Unknown Date
Antara News,Kementan bentuk 11 brigade pangan tingkatkan pertanian Tanjabtim,Unknown Date
Antara News,Menteri ATR bantah sertifikat pagar laut milik Aguan batal dicabut,Unknown Date
Antara News,PSSI membebastugaskan pelatih timnas U-20 Indra Sjafri,Unknown Date
Antara News,Barcelona pertahanan puncak klasemen usai kalahkan Las Palmas 2-0,Unknown Date
Antara News,Strategi kepemimpinan Prabowo yang kuat wujudkan kesejahteraan rakyat,Unknown Date
Antara News,Seberapa urgen Danantara bagi Indonesia?,Unknown Date
Antara News,Menakar logika Trump atas solusi dua negara Palestina-Israel,Unknown Date
Antara News,"#KaburAjaDulu, sebuah alarm dan refleksi dari generasi muda",Unknown Date
Antara News,"Dunia perlu waspada, AS sedang incar daerah kaya mineral langka",Unknown Date
Antara News,Danantara dan era baru industri investasi di Indonesia,Unknown Date
Antara News,Insentif Pajak Hijau untuk ekonomi berkelanjutan,Unknown Date
Antara News,Transformasi data untuk kebijakan sosial tepat sasaran,Unknown Date
Antara News,Ada apa di balik reshuffle kabinet jilid 1?,Unknown Date
Antara News,Apa yang kau cari Donald Trump?,Unknown Date
Antara News,Bank Emas Indonesia dan dampaknya terhadap ekonomi domestik,Unknown Date
Antara News,Siasat untuk berkuasa ala Robert Greene dalam 48 Laws of Power,Unknown Date
Antara News,Membiakkan visi Presiden melalui pembekalan kepala daerah,Unknown Date
Antara News,"Literasi dan inklusi keuangan, prioritas menuju Indonesia Emas 2045",Unknown Date
Antara News,"Tuntutan regulasi baru ojol cermin ""gig economy"" di ujung revolusi",Unknown Date
Antara News,Panja Pariwisata untuk ketahanan nasional yang berkelanjutan,Unknown Date
Antara News,Belajar sejarah negara di Asia untuk antisipasi dampak #KaburAjaDulu,Unknown Date
Antara News,Pajak opsi ajeg danai program makan bergizi,Unknown Date
Antara News,"Reformasi subsidi ""gas melon"" berbasis data tunggal",Unknown Date
Antara News,Tantangan nasionalisme di tengah gempuran tagar #KaburAjaDulu,Unknown Date
Antara News,Sawah Pokok Murah ala Djoni untuk kesejahteraan petani,Unknown Date
Antara News,Kisah Tahanan Afghanistan Pulang Usai 20 Tahun Dipenjara di AS,Unknown Date
Antara News,Menelaah efektivitas regulasi baru soal PHK,Unknown Date
Antara News,"Ekonomi sirkular, dari paradoks efisiensi ke masa depan berkelanjutan",Unknown Date
Antara News,Menyeimbangkan inovasi dan keamanan siber,Unknown Date
Antara News,Pertanian maju kunci kemakmuran petani,Unknown Date
Antara News,Efisiensi anggaran dan pengelolaan utang menuju stabilitas ekonomi,Unknown Date
Antara News,Terapi cinta kasih dan paradigma kesehatan moderen,Unknown Date
Antara News,Mengelola reputasi di era digital: popularitas dan kepercayaan publik,Unknown Date
Antara News,Makna cokelat valentine di tengah krisis kakao,Unknown Date
Antara News,Akankah warga Gaza Palestina bernasib sama seperti suku Indian di AS?,Unknown Date
Antara News,"Efisiensi anggaran, distorsi, dan prioritas kebijakan",Unknown Date
Antara News,Pemangkasan anggaran: belajar dari pengalaman negara lain,Unknown Date
Antara News,Dosa peradaban terhadap lingkungan di era teknologi dan akal imitasi,Unknown Date
Antara News,Revitalisasi kelembagaan pangan untuk mewujudkan swasembada pangan,Unknown Date
Antara News,Paradoks efisiensi anggaran di era Kabinet Merah Putih,Unknown Date
Antara News,Membangun peta jalan implementasi coretax berbasis risiko rendah,Unknown Date
Antara News,Menata ketenagakerjaan di era digital,Unknown Date
Antara News,Uji tangguh fondasi ekonomi di tengah gejolak pasar yang tak pasti,Unknown Date
Antara News,Infrastruktur jaringan gas dan reformasi subsidi energi,Unknown Date
Antara News,"Cek Kesehatan Gratis, naiknya produktivitas, dan transformasi ekonomi",Unknown Date
Antara News,"""Entrepreneurial spirit"" dan demokrasi ekonomi",Unknown Date
Antara News,Peluang di tengah perang dagang AS-China,Unknown Date
Antara News,"Mengenang Jalur Druzbha, saksi bisu Rusia ""menghidupi"" Eropa",Unknown Date
Antara News,Meningkatkan tax ratio dengan penegakan hukum dan literasi perpajakan,Unknown Date
Antara News,Cara Indonesia permanenkan gencatan senjata di Gaza,Unknown Date
Antara News,Elon Musk dan memudarnya kekuatan daya halus Amerika Serikat,Unknown Date
Antara News,HPN sebagai momentum refleksi UU Pers dan relevansinya kini,Unknown Date
Antara News,Transformasi kelembagaan yang ideal untuk regulator pangan Bulog,Unknown Date
Antara News,Simpang jalan pers antara sandyakala dan keberlanjutan,Unknown Date
Antara News,"HPN di era digital, ""Media Instan"" dan pentingnya literasi digital",Unknown Date
Antara News,Jangan biarkan medsos mengendalikan hidup kita,Unknown Date
Antara News,Melihat posisi regulasi penyiaran Indonesia di kawasan ASEAN,Unknown Date
Antara News,"Musim dingin tersibuk Pep dan City, mampukah meraih trofi bergengsi?",Unknown Date
Antara News,Kebijakan pajak dan upaya mengurai ketimpangan,Unknown Date
Antara News,Memperkuat kerja sama strategis Indonesia-Turki,Unknown Date
Antara News,Selamatnya harapan melalui perbaikan sistem pendidikan,Unknown Date
Antara News,Bagaimana seharusnya merespons era antiklimaks giant tech Amerika?,Unknown Date
Antara News,Ketahanan pangan dan ketahanan gizi dalam satu waktu,Unknown Date
Antara News,Jangan ciptakan fobia pada teknologi,Unknown Date
Antara News,DeepSeek AI dan masa depan AI Indonesia,Unknown Date
Antara News,Ketika para tokoh bicara tantangan di balik pertumbuhan ekonomi 2025,Unknown Date
Antara News,Usulan kontraproduktif Trump soal Gaza di tengah derita Palestina,Unknown Date
Antara News,Akses air bersih untuk masa depan Indonesia,Unknown Date
Antara News,"Dies natalis HMI, dari desa mewujudkan tujuan",Unknown Date
Antara News,Menavigasi dampak deflasi dan membangun solusi,Unknown Date
Antara News,Pendidikan karakter untuk kemajuan bangsa yang beradab,Unknown Date
Antara News,Pelajaran dari polemik distribusi gas melon,Unknown Date
Antara News,"Pramoedya: Paradoks spirit kemanusiaan, tragedi, dan ideologi",Unknown Date
Antara News,Strategi diplomasi ekonomi Indonesia di era Trump,Unknown Date
Antara News,Keadilan pajak untuk mendorong produktivitas ekonomi masyarakat,Unknown Date
Antara News,"Melalui bioinformatika, menciptakan Indonesia Emas 2045",Unknown Date
Antara News,Kerangka politik-keamanan ASEAN dan arah ke depan,Unknown Date
Antara News,Mari berandai-andai jika tiba-tiba 1 dolar AS setara Rp8.170,Unknown Date
Antara News,Menata rantai distribusi elpiji yang lebih adil,Unknown Date
Antara News,Terwujudnya swasembada pangan melalui integrasi kebijakan,Unknown Date
Antara News,Menjaga harapan di tengah tantangan badai PHK,Unknown Date
Antara News,Menguatnya rupiah di Google dan ilusi digital yang menyesatkan,Unknown Date
Antara News,"Jawa, pusat ekonomi nasional yang masih terbentur kemiskinan",Unknown Date
Antara News,Meningkatkan ekonomi desa lewat fasilitas pajak BumDes,Unknown Date
Antara News,Mitigasi panen raya di musim hujan,Unknown Date
Antara News,"Eksploitasi seksual anak di era digital, ancaman nyata di ruang maya",Unknown Date
Antara News,"102 Tahun ""Rumah Bersama"" NU",Unknown Date
Antara News,Perang AI ChatGPT vs DeepSeek dan peluang ekonomi bagi Indonesia,Unknown Date
Antara News,Memperkuat kemitraan strategis dengan India,2025-02-23
Antara News,Imlek untuk stabilitas sosial dan sukseskan pembangunan,2025-02-23
Antara News,Ketika sebuah tas menjadi wadah bagi fesyen dan investasi,Unknown Date
Antara News,"Menjelajahi fenomena ""Brain Rot"" di era digital",Unknown Date
Antara News,Membenahi langkah atasi kemiskinan perkotaan,Unknown Date
Antara News,Meraih mahkota Jurnalistik Adinegoro 2024,Unknown Date
Antara News,Apa masalahnya kalau kabinet Trump diisi banyak miliarder?,Unknown Date
Antara News,Menuju industri bola basket Indonesia,2025-02-23
Antara News,Misi emas Paralimpiade Los Angeles 2028,2025-02-23
Antara News,Siklus rezeki dan pola perputaran ekonomi ala Imlek,Unknown Date
Antara News,Isra Mikraj dan tafsir perjalanan menembus langit ketujuh,Unknown Date
Antara News,Indra Sjafri tak akan menyerah mengejar Piala Dunia U-20,Unknown Date
Antara News,Seratus hari pertama mengejar kesan awal yang positif,Unknown Date
Antara News,Titik setimbang anggaran program MBG dan kesehatan fiskal,Unknown Date
Antara News,"Subsidi tepat sasaran ""gas melon""",Unknown Date
Antara News,Meredam guncangan ekonomi dengan alokasi efektif belanja negara,Unknown Date
Antara News,Membangun optimisme keberlimpahan produksi beras nasional,Unknown Date
Antara News,"Bermulanya peradaban sehat dari tanah, air, dan udara yang sehat",2025-02-23
Antara News,"Mencermati TNI Manunggal Rakyat dalam Program ""Food Estate""",2025-02-23
Antara News,Bagaimana menghadapi pemimpin berambisi tinggi seperti Trump?,Unknown Date
Antara News,Peta jalan menuju kemandirian energi,Unknown Date
Antara News,Tata kelola AI untuk wujudkan Indonesia Emas 2045,Unknown Date
Antara News,Menempa Gen Z menuju Indonesia Emas,Unknown Date
Antara News,Misteri Hormesis: Rahasia di balik dosis kecil,Unknown Date
Antara News,Satgas Hilirisasi untuk kemandirian bangsa,Unknown Date
Antara News,"102 Tahun NU di era ""Peradaban Digital"" RI",Unknown Date
Antara News,Tingkatkan Kesejahteraan Rakyat: Babak Baru Kerja Sama China-Indonesia,2025-02-23
Antara News,"Kontroversi Trump, aliansi trans-Atlantik dan keresahan pemimpin Eropa",2025-02-23
Antara News,Mengatasi tantangan pengelolaan perkebunan kelapa sawit Indonesia,Unknown Date
Antara News,"Gus Dur, Abdul Mu'ti, dan Libur Ramadhan",Unknown Date
Antara News,Strategi mencegah TPPO secara konsisten dan menyeluruh,Unknown Date
Antara News,Merancang sistem agribisnis untuk efektivitas Food Estate di Indonesia,Unknown Date
Antara News,Pelajaran bagi Indonesia untuk mengejar pertumbuhan ekonomi tinggi,Unknown Date
Antara News,Memutus rantai kemiskinan di Jakarta,Unknown Date
Antara News,Kolaborasi untuk revitalisasi transportasi Indonesia,Unknown Date
Antara News,Mendorong pertumbuhan investasi di era pajak minimum global,Unknown Date
Antara News,"Arif Rahman Hakim, anak desa di jajaran tinggi birokrat UMKM",2025-02-23
Antara News,Menjaga produksi pangan dengan penuh kesungguhan,2025-02-23
Antara News,Kota hijau di tengah gurun pasir,Unknown Date
Antara News,"Uji nyata kementerian baru, dari harapan ke realisasi",Unknown Date
Antara News,Realitas dan harapan di balik penurunan angka kemiskinan,Unknown Date
Antara News,Monopoli BPJS Kesehatan dan kinerja pelayanan fasilitas kesehatan,Unknown Date
Antara News,Peluang dan kompleksitas kebijakan perkebunan kelapa sawit Indonesia,Unknown Date
Antara News,Kontemplasi menjelang 100 hari Kabinet Prabowo,Unknown Date
Antara News,Menunggu pembuktian Patrick Kluivert di bulan Maret,Unknown Date
Antara News,Ramadhan tanpa libur sekolah agar ilmu dunia dan akhirat sama didapat,2025-02-23
Antara News,Kebakaran Los Angeles dan kompleksitas bencana di era informasi,2025-02-23
Antara News,Berjuang menyerap gabah petani,Unknown Date
Antara News,Era baru timnas Indonesia di tangan Patrick Kluivert,Unknown Date
Antara News,"Hari Desa Nasional 2025: Desa, gizi dan pangan",Unknown Date
Antara News,Lenong modern dan ruang bagi anak muda untuk melestarikan budaya,Unknown Date
Antara News,Strategi kepemimpinan ekonomi berlandaskan etika,Unknown Date
Antara News,Pulihnya tanah yang letih untuk varietas unggul yang inovatif,Unknown Date
Antara News,Saat kecerdasan buatan makin cerdas,Unknown Date
Antara News,Makan bergizi gratis dan pelajaran bersyukur dari Suleman Datau,Unknown Date
Antara News,Seni memahami Human Metapneumovirus,2025-02-23
Antara News,"Marketplace, kemasyhuran sesaat atau kunci sukses UMKM?",2025-02-23
Antara News,Membiasakan orang tua mendengarkan tanpa menghakimi,Unknown Date
Antara News,Nasionalisme konsumen beras,Unknown Date
Antara News,Radikalisme dan Ateisme Digital selama 2024,Unknown Date
Antara News,"Pensiun 59 tahun, optimalisasi produktivitas versus dilema generasi",Unknown Date
Antara News,Masih perlukah menunggu Godot?,Unknown Date
Antara News,KUR dan jalan panjang menuju efektivitas penyaluran,Unknown Date
Antara News,Kebijakan pajak etis untuk membangun hubungan positif,Unknown Date
Antara News,Peran Bulog dalam simpul koordinasi pangan,2025-02-23
Antara News,"BRICS, babak baru diplomasi ekonomi Indonesia",2025-02-23
Antara News,Swasembada energi dan jalan menuju keberlanjutan,Unknown Date
Antara News,Menyeimbangkan pendidikan agama bagi anak selama libur Ramadhan,Unknown Date
Antara News,Menghela rantai pasok pangan dengan Program Makan Bergizi Gratis,Unknown Date
Antara News,Kesehatan Tanah untuk Swasembada Pangan,Unknown Date
Antara News,"Krisis energi, ancaman inflasi, dan wacana solusi stabilitas ekonomi",Unknown Date
Antara News,Uji tangguh ekonomi di kala normalisasi kebijakan moneter negara maju,Unknown Date
Antara News,Meningkatkan kemandirian dengan Opsen Pajak Daerah,Unknown Date
Antara News,Perubahan wajah politik tanpa ambang batas,Unknown Date
Antara News,Jaminan Pemerintah membeli gabah petani,2025-02-23
Antara News,Optimisme menatap ekonomi Indonesia 2025,2025-02-23
Antara News,"""Middle-class squeeze"" dan jalan keluar untuk membagi beban",Unknown Date
Antara News,Pemanasan global dan inflasi,Unknown Date
Antara News,Indonesia sebagai model penanganan teroris di dunia,Unknown Date
Antara News,Melibatkan pengetahuan adat dalam pengelolaan sumber daya alam,Unknown Date
Antara News,In Memoriam - Atmakusumah sang pendekar kemerdekaan pers,Unknown Date
Antara News,Menghadapi jerat paylater di era e-commerce,Unknown Date
Antara News,PPN barang mewah dan enigma keadilan ekonomi,Unknown Date
Antara News,Menciptakan ekosistem umrah sehat di era kompetisi maskapai,2025-02-23
Antara News,Cermin retak Tan Malaka,2025-02-23
Antara News,Pentingnya digitalisasi dan membangun database perpajakan berbasis AI,Unknown Date
Antara News,Walmart Birkin Bag dan balas dendam atas kemewahan yang elitis,Unknown Date
Antara News,Humanisme dalam surat cinta Sjahrir untuk Maria,Unknown Date
Antara News,Refleksi kritis pemikiran Machiavelli dalam konteks Indonesia,Unknown Date
Antara News,"Korupsi, faktor genetik dan kontrol diri",Unknown Date
Antara News,Potret perlindungan konsumen 2024 dan harapan perbaikan pada 2025,Unknown Date
Antara News,Urgensi satgas pengadaan gabah petani,Unknown Date
Antara News,"Segudang manfaat plank, olahraga simpel yang fleksibel",Unknown Date
Antara News,Masa depan bank emas di Indonesia,2025-02-23
Antara News,"Tahun 2025, menyongsong belanja perpajakan Pemerintah yang efektif",2025-02-23
Antara News,Advokasi bersama untuk komunikasi risiko kebencanaan,Unknown Date
Antara News,"Jadi tuan rumah agenda global, cara RI rebut inisiatif dunia pada 2024",Unknown Date
Antara News,"Kenaikan pajak dan ""frugal living""",Unknown Date
Antara News,"Hutang, pajak dan pembangunan nasional",Unknown Date
Antara News,Fenomena frugal living di tengah kenaikan PPN 12 persen,Unknown Date
Antara News,Babak baru pupuk bersubsidi,Unknown Date
Antara News,"Pedang bermata dua ""e-commerce"" untuk UMKM",Unknown Date
Antara News,"Krisis asuransi, akar masalah dan bagaimana memperbaikinya",2025-02-23
Antara News,Kenaikan UMP 2025 dan efektivitasnya melawan kemiskinan,2025-02-23
Antara News,Mengoptimalkan pencegahan Judol dan pinjol yang marak selama 2024,Unknown Date
Antara News,Benarkah Hiroshima dan Nagasaki dibom akibat kekeliruan penerjemah?,Unknown Date
Antara News,Potensi tantangan finansial BPJS Kesehatan pada 2025,Unknown Date
Antara News,"Masa depan manufaktur Indonesia di era tren ""Reshoring"" global",Unknown Date
Antara News,Pernikahan paksa karena pemerkosaan ditinjau dari hukum Islam,Unknown Date
Antara News,Menghargai lansia dengan upaya pemberdayaan,Unknown Date
Antara News,Mufasa: The Lion King Kisah Epik Sang Raja Savana,Unknown Date
Antara News,"Tak perlu sedih, skuad muda Indonesia memang belum pantas ke semifinal",Unknown Date
Antara News,"""The Female Brain"" menyibak teka-teki otak perempuan",2025-02-23
Antara News,Dakwah kultural Mathla'ul Anwar,2025-02-23
Antara News,Peran BUMN atasi stunting dalam program makan bergizi gratis,Unknown Date
Antara News,Solusi kolaborasi BUMN dan JDIH,Unknown Date
Antara News,Ekonomi Indonesia resilien di tengah ketidakpastian global,Unknown Date
Antara News,"Replikasi digital, ancaman bagi Indonesia",Unknown Date
Antara News,Apa kabar kota layak anak?,Unknown Date
Antara News,"Gelembung gas ajaib dan menyehatkan itu bernama ""nanobubbles""",Unknown Date
Antara News,Alternatif BLT dengan transfer langsung bank sentral,Unknown Date
Antara News,Sudahi memanjakan  anak dengan fasilitas berlimpah,2025-02-23
Antara News,Mengoptimalkan potensi pajak dari underground economy di Indonesia,2025-02-23
Antara News,Memutus rantai kekerasan terhadap perempuan di tempat kerja,Unknown Date
Antara News,Melindungi anak-anak dari bahaya media sosial,Unknown Date
Antara News,Bulu tangkis Indonesia di tengah China yang begitu dominan,Unknown Date
Antara News,Benarkah investor asing mulai beranjak meninggalkan Indonesia?,Unknown Date
Antara News,Menghindari perjudian saham dengan memahami spekulasi pasar,Unknown Date
Antara News,"Kelapa sawit, pilar utama energi terbarukan",Unknown Date
Antara News,Akhir Perang Ukraina dalam kendali Donald Trump,Unknown Date
Antara News,Melihat reputasi para pelatih timnas sepak bola di Asia Tenggara,Unknown Date
Antara News,Penguatan semangat persatuan dan kesatuan dengan Hari Nusantara,2025-02-23
Antara News,Toyota All New Hilux Rangga tolok ukur baru mobil niaga,2025-02-23
Antara News,Imbang rasa kalah di Manahan,Unknown Date
Antara News,Keteladanan di balik Rido menerima hasil pilkada,Unknown Date
Antara News,Jangan sia-siakan ANTARA!,Unknown Date
Antara News,Digitalisasi agromaritim untuk sumber pangan berkelanjutan Indonesia,Unknown Date
Antara News,Berbicara tentang ANTARA dan masa depan Kantor Berita Nasional,Unknown Date
Antara News,Strategi DJP tingkatkan penerimaan pajak ekonomi digital,Unknown Date
Antara News,"Merawat tanah hitam,  merawat masa depan Indonesia",Unknown Date
Antara News,Belajar air mobility pada Jepang atasi macet dan kendala logistik,2025-02-23
Antara News,"Mencegah pelaporan guru, meningkatkan sinergi dengan orang tua siswa",2025-02-23
Antara News,Menanti perbaikan tim muda Garuda,Unknown Date
Antara News,ANTARA dan tuntutan kebenaran di era media sosial,Unknown Date
Antara News,Di balik tumbangnya dinasti Assad dan nasib Suriah selanjutnya,Unknown Date
Antara News,Resensi - 'The Comfort Zone' anjuran agar tak meninggalkan zona nyaman,Unknown Date
Antara News,Perlu perhatian ekstra keras untuk bulu tangkis kita,Unknown Date
Antara News,"Femisida dan impunitas, tantangan perlindungan perempuan",Unknown Date
Antara News,Pekebun tangguh untuk hadapi perubahan iklim,Unknown Date
Antara News,Meramalkan resesi ekonomi dengan sebuah lipstik,2025-02-23
Antara News,Perlu modifikasi hukum pers demi menjawab tantangan digitalisasi,2025-02-23
Antara News,Menguji Keberdayaan Bulog,Unknown Date
Antara News,Kritik absurd terhadap timnas Indonesia dan krisis dalam timnas Saudi,Unknown Date
Antara News,"Memperkuat komunikasi Pemerintah, membangun stabilitas sosial",Unknown Date
Antara News,Situasi kritis menghadang rezim Bashar al Assad,Unknown Date
Antara News,Korupsi samar,Unknown Date
Antara News,"Mengupas beauty privilege dan stereotipe moralitas dalam ""Wicked""",2025-02-22
Antara News,Memandang kehidupan terlalu serius dan jerat korupsi,2025-02-22
Antara News,Filosofi bangun pagi ala Miracle Morning,Unknown Date
Antara News,"Diksi cerminan pikiran, telaah ""rakyat jelata"" yang gampang baper",Unknown Date
Antara News,Strategi pertumbuhan dalam menavigasi pencapaian target perpajakan,Unknown Date
Antara News,Menilik program prioritas soal penguatan pendidikan karakter,Unknown Date
Antara News,Gus Miftah dan tangan Tuhan di balik segelas es teh,Unknown Date
Antara News,Segelas es teh dan martabat yang tak terbeli,2025-02-22
Antara News,Junjunglah es teh setinggi langit,2025-02-22
Antara News,"Era baru, guru kembali ke hulu",Unknown Date
Antara News,"Aksara, antara simbol identitas budaya dan narasi kebangsaan",Unknown Date
Antara News,Pengaruh positif ekonomi kreatif terhadap rencana kenaikan PPN 12 %,Unknown Date
Antara News,Reog yang bertahan hadapi gempuran budaya modern,Unknown Date
Antara News,"Merawat tanah, merawat ibu kehidupan",Unknown Date
Antara News,Sinergi fiskal untuk optimalisasi pembangunan nasional,2025-02-23
Antara News,Kesalehan digital: Kunci mengimbangi larangan media sosial pada anak,2025-02-23
Antara News,Memetik inspirasi dari praktik agroforestri desa Sungai Merah Jambi,Unknown Date
Antara News,Direktorat baru kado istimewa bagi komunitas Ilmu Tanah Indonesia,Unknown Date
Antara News,Batalyon infanteri teritorial untuk percepatan pembangunan,Unknown Date
Antara News,Fragmentasi wilayah Palestina versus solusi dua negara amanah PBB,Unknown Date
Antara News,Menyongsong ketahanan pangan melalui transformasi Bulog,Unknown Date
Antara News,Polri dalam arsitektur negara demokrasi modern,2025-02-23
Antara News,Kala api menyulut kesadaran untuk peduli hutan di Batu Putih,2025-02-23
Antara News,Kenaikan PPN dan masa depan kelompok menengah,Unknown Date
Antara News,Dilema guru dan pinjol: Saat kesejahteraan menjadi kunci jawaban,Unknown Date
Antara News,Kampanye Hari Antikorupsi Sedunia dorong Good Governance di Indonesia,Unknown Date
Antara News,Membentuk karakter bangsa melalui lingkungan sosial dan digital,Unknown Date
Antara News,Menyelamatkan gabah petani,Unknown Date
Antara News,Potret kinerja ekonomi Indonesia sepanjang 2024,2025-02-23
Antara News,Proyeksi tantangan dan harapan ekonomi Indonesia 2025,2025-02-23
Antara News,Intip tren di bidang ekonomi 10 tahun ke depan,Unknown Date
Antara News,"Citra pemimpin, antara obsesi, realitas, dan utopia",Unknown Date
Antara News,Mengatasi pemborosan pangan di meja makan,Unknown Date
Antara News,Turunnya harga tiket pesawat untuk ruang udara yang kian inklusif,Unknown Date
Antara News,Pesan damai Karna dan Rio dari Pilkada Situbondo,Unknown Date
Antara News,"Implikasi dan kompleksitas kenaikan UMP 6,5 persen",2025-02-22
Antara News,Ruben Amorim dan bangkitnya lagi gairah Manchester United,2025-02-22
Antara News,Menanti solusi jitu kebijakan BBM bersubsidi,Unknown Date
Antara News,Pilkada 2024 dan kedewasaan berdemokrasi,Unknown Date
Antara News,Fenomena Choice Fatigue dalam Pilkada di Indonesia,Unknown Date
Antara News,Menuju Indonesia yang berdaya saing dan berpengaruh di kancah global,Unknown Date
Antara News,Mempertimbangkan jeda dua tahun antara pemilu nasional dan daerah,Unknown Date
Antara News,Optimalisasi penerimaan pajak tanpa menaikkan PPN,Unknown Date
Antara News,Mewujudkan efektivitas regulasi kekayaan negara,Unknown Date
Antara News,Mendamba keramahan ruang digital bagi anak lewat payung hukum,Unknown Date
Antara News,Untung rugi satu atau dua putaran dalam Pilkada Jakarta 2024,Unknown Date
Antara News,Strategi Pemerintah wujudkan hunian vertikal terjangkau untuk rakyat,2025-02-23
Antara News,Efektivitas quick count dan polling dalam Pilkada,Unknown Date
Antara News,Integritas Pilkada 2024 untuk demokrasi berkualitas,Unknown Date
Antara News,Mempercepat regenerasi kepemimpinan nasional melalui Pilkada Serentak,Unknown Date
Antara News,Nuklir dan diversifikasi sumber energi Indonesia,2025-02-23
Antara News,Meredam ujaran kebencian dalam pilkada,Unknown Date
Antara News,Investasi jangka panjang demi wujudkan impian besar di bidang olahraga,Unknown Date
Antara News,Mencegah penyalahgunaan senjata api oleh oknum aparat,Unknown Date
Antara News,Memastikan subsidi energi tepat sasaran,2025-02-22
Antara News,"Melepas pengaruh ""shadow economy"" untuk optimalisasi penerimaan pajak",Unknown Date
Antara News,Kotak kosong dan kualitas demokrasi di Bangka Belitung,Unknown Date
Antara News,Dinding pameran 100 Tahun A.A. Navis menghadirkan senyum dan airmata,Unknown Date
Antara News,"Pilkada, kontes harga diri yang penuh damai",2025-02-22
Antara News,Keteguhan pasukan UNIFIL Indonesia di pusaran konflik Israel-Hizbullah,Unknown Date
Antara News,Membangun kesadaran orang tua menyukseskan pendidikan anak Indonesia,Unknown Date
Antara News,Menjadi guru ala Sunan Drajat,Unknown Date
Antara News,Bersiap menghadapi “crash” bursa saham,2025-02-22
Antara News,Menghadirkan Pilkada damai dan berkualitas di Bumi Raja-Raja Maluku,Unknown Date
Antara News,Berani ambil langkah strategis untuk bebas dari 'middle income trap',Unknown Date
Antara News,"Multilateralisme di bawah bayang-bayang ""Trump 2.0""",Unknown Date
Antara News,FIFA mungkin akan senang sekali jika Indonesia lolos Piala Dunia,2025-02-21
Antara News,Pelajaran banjir dari Spanyol bagi pengelolaan lahan di Indonesia,Unknown Date
Antara News,Menelusuri sejarah agar generasi penerus memahami jati diri bangsa,Unknown Date
Antara News,Memilih pemimpin yang peduli kesehatan rakyat,Unknown Date
Antara News,Kedaulatan digital Indonesia di balik tawaran investasi Apple,2025-02-20
Antara News,"Gerakan cepat, senyap, dan cari TO perlu diwaspadai pada masa tenang",Unknown Date
Antara News,Membangun Kembali Bulog sebagai Raksasa Bisnis Pangan Indonesia,Unknown Date
Antara News,Job fair mingguan dan efektivitas solusi atasi masalah pengangguran,Unknown Date
Antara News,"I La Galigo, harta karun sastra Nusantara",2025-02-20
Antara News,"Strategi pengenaan pajak bagi ""family office""",Unknown Date
Antara News,Garuda sangat mungkin mendapatkan tambahan enam poin,Unknown Date
Antara News,Pangan organik untuk kesejahteraan petani dan kelestarian lingkungan,Unknown Date
Antara News,Panggung pembuktian Marselino Ferdinan,2025-02-20
Antara News,"Integrasi energi terbarukan dalam pengembangan ""grid"" pintar",Unknown Date
Antara News,Presiden Prabowo dan jalan kolaborasi,Unknown Date
Antara News,Menekan angka pengangguran di tengah ancaman gelombang PHK,Unknown Date
Antara News,Urgensi peningkatan literasi dasar di Indonesia,2025-02-20
Antara News,"Membangun citra  politik, hukum, dan keamanan Indonesia di mata dunia",Unknown Date
Antara News,Kenaikan PPN dan pertumbuhan ekonomi inklusif,Unknown Date
Antara News,Menyorot performa keselamatan di jalan tol,Unknown Date
Antara News,Memperkuat inovasi keuangan digital demi sektor keuangan yang inklusif,2025-02-19
Antara News,Cara bangkit yang indah dan pesan kuat Garuda untuk lawan-lawannya,Unknown Date
Antara News,Nyawa dan ketentraman lebih berharga dari dukungan pilkada,Unknown Date
Antara News,Regenerasi petani untuk masa depan kemandirian pangan Indonesia,Unknown Date
Antara News,APEC 2024 dan inklusivitas industri olahraga Indonesia,2025-02-19
Antara News,Menyeimbangkan bandul geopolitik dengan diplomasi,Unknown Date
Antara News,"Belajar dari Jepang, Indonesia pantang ulangi kesalahan lawan Saudi",Unknown Date
Antara News,Astacita ke-7 menuju penguatan sistem penegakan hukum,Unknown Date
Antara News,Peluang Garuda untuk bangkit kalahkan Saudi,2025-02-18
Antara News,Mengurangi risiko bencana dari desa,Unknown Date
Antara News,Potensi Hasil Hutan Bukan Kayu untuk perekonomian berkelanjutan,Unknown Date
Antara News,Jalan keluar mengatasi kepadatan lapas dan rutan,Unknown Date
Antara News,Memanfaatkan KTT APEC untuk mengoptimalkan potensi ekonomi digital RI,2025-02-18
Antara News,Teknologi pangan untuk menjawab tantangan ketahanan pangan,Unknown Date
Antara News,Meluruskan akhlak berbangsa dan bernegara,Unknown Date
Antara News,Untung rugi kenaikan PPN 12 persen bagi perekonomian Indonesia,Unknown Date
Antara News,Melihat kesadaran politik warga Suku Badui,2025-02-18
Antara News,Wamendagri: Dalam waktu dekat ada kepala daerah bergabung retret,Unknown Date
Antara News,Wapres tampung aspirasi warga di kampung padat penduduk Surakarta,Unknown Date
Antara News,Kepala daerah PDIP sebaiknya ikut retret karena kegiatan pemerintahan,Unknown Date
Antara News,"Politik, 456 kepala daerah ikut retret hingga eksistensi PDIP",2025-02-18
Antara News,Menkum tepis ada intervensi Presiden saat kumpulkan hakim di Istana,Unknown Date
Antara News,Polres Kaimana dalami kasus rudapaksa yang melibatkan oknum anggota,Unknown Date
Antara News,"Hukum, klarifikasi band Sukatani hingga kasus Hasto tetap jalan",Unknown Date
Antara News,TII: Penahanan Hasto murni penegakan hukum karena kecukupan alat bukti,2025-02-18
Antara News,"Cek fakta, foto Cristiano Ronaldo bersama masyarakat Kupang NTT",Unknown Date
Antara News,"Video Gubernur Lampung Rahmat Mirzani tidak hafal Pancasila, benarkah?",Unknown Date
Antara News,"Cek fakta, video Cristiano Ronaldo di acara kemanusiaan NTT pada 19 Februari",Unknown Date
Antara News,"Cek fakta, video Ronaldo tiba di Indonesia pada 18 Februari 2025",2025-02-17
Antara News,"Cek fakta, sertifikat elektronik rencana mafia tanah ambil tanah masyarakat",Unknown Date
Antara News,"Fenomena hujan ""jelly"" di Gorontalo, benarkah?",Unknown Date
Antara News,Mobil klasik di film-film Indonesia,Unknown Date
Antara News,Mobil dengan nama hewan,2025-02-17
Antara News,Pelatih tersukses di Liga Champions,Unknown Date
Antara News,Hasil undian 16 besar Liga Champions,Unknown Date
Antara News,Pendistribusian pupuk subsidi tepat sasaran perkuat ketahanan pangan,Unknown Date
Antara News,DJP Kepri buka layanan pojok pajak guna mudahkan masyarakat lapor SPT,2025-02-17
Antara News,BKD Mataram kaji perubahan target pajak hotel,Unknown Date
Antara News,Menteri PU: Revitalisasi Stadion Maguwoharjo sudah sesuai standar FIFA,Unknown Date
Antara News,Nelayan Muara Angke minta aturan terkait VMS dicabut,Unknown Date
Antara News,"Jelang Ramadhan, Pasar Tanah Abang dipadati pembeli",2025-02-17
Antara News,385.822 tiket kereta jarak jauh untuk angkutan Lebaran telah terjual,Unknown Date
Antara News,NasDem terus gembleng generasi muda tentang ilmu politik,Unknown Date
Antara News,Carlos Pena kecewa dengan permainan Persija saat kalah dari PSM,Unknown Date
Antara News,BIS Banten resmi menjadi home base Dewa United FC,2025-02-17
Antara News,Manajemen Persebaya beri kesempatan terakhir Munster saat lawan Persib,Unknown Date
Antara News,Bali United yakin menang di kandang Barito Putera meski Teco absen,Unknown Date
Antara News,Popsivo Polwan juara putaran kedua seusai kalahkan Falcons 3-1,Unknown Date
Antara News,Fan: Terima kasih timnas sudah berjuang di kualifikasi FIBA Asia Cup,2025-02-17
Antara News,"Kalah dari Korsel, Indonesia akhiri kualifikasi FIBA Asia tanpa menang",Unknown Date
Antara News,85 atlet ikuti Kejurkab Renang antar pelajar di Mukomuko,Unknown Date
Antara News,Anak yang terlambat atau susah bicara mungkin pendengarannya terganggu,Unknown Date
Antara News,Waspada lupa kedip hingga agen AI operator meluncur di sejumlah negara,2025-02-16
Antara News,Dokter: Kompres mata kering dengan handuk hangat bukan dingin,Unknown Date
Antara News,INASH: Hipertensi dapat memicu preeklamsia pada ibu selama kehamilan,Unknown Date
Antara News,Rihanna ungkap musisi yang menyarankan nama untuk anak keduanya,Unknown Date
Antara News,Rian D'Masiv harapkan penerapan sistem royalti yang menyejahterakan,2025-02-15
Antara News,"Nickelodeon umumkan serial baru ""Avatar: Seven Havens""",Unknown Date
Antara News,"Kemarin, Konser dunia Blackpink hingga Suzuki unggulkan Grand Vitara",Unknown Date
Antara News,Naysilla Wiedy Kirana jadikan Megawati  inspirator voli,Unknown Date
Antara News,Pendistribusian pupuk subsidi tepat sasaran,2025-02-15
Antara News,Penyesuaian tarif tol Tangerang-Merak diberlakukan dalam waktu dekat,Unknown Date
Antara News,"Kemenag umumkan 16.305 nama jemaah haji khusus 2025, simak syarat penggantian jika batal",Unknown Date
Antara News,Bupati Gowa : Retret di Magelang ajarkan disiplin kepemimpinan kepala daerah,Unknown Date
Antara News,MUI Sulut: Mari sambut Ramadhan 1446 H dengan gembira,2025-02-14
Antara News,Pesantren dan rumah warga hangus terbakar di Barabai Darat,Unknown Date
Antara News,Freeport apresiasi 10 alumni peserta beasiswa YPMAK jadi kepala daerah,Unknown Date
Antara News,Polres Bangka Tengah putuskan mata rantai peredaran narkoba,Unknown Date
Antara News,Mahasiswa teknik elektro UNG meraih Best Troubleshooting NIRC 2025,2025-02-14
Antara News,Karantina Kepri fasilitasi ekspor 2.800 ekor kepiting bakau tujuan China,Unknown Date
Antara News,Tri Tito Karnavian Melantik Rahmawati Zainal Menjadi Ketua TP PKK Kaltara,Unknown Date
Antara News,Menjadikan Kampung Eretan Kulon bermartabat,Unknown Date
Antara News,Fadli Zon dorong komunitas film angkat potensi daerah,2025-02-14
Antara News,Samuel Wattimena inisiasi peragaan busana Kampung Bustaman Semarang,Unknown Date
Antara News,Kemenag buka pelatihan ilmu hisab rukyat bagi generasi muda,Unknown Date
Antara News,Versi beta pertama iOS 18.4 hadir dengan dukungan Notifikasi Prioritas,Unknown Date
Antara News,"Vivo Y29 segera meluncur di Indonesia, unggulkan baterai tahan lama",2025-02-14
Antara News,Google hadirkan fitur Circle to Search untuk perangkat iOS,Unknown Date
Antara News,Amazon tutup toko aplikasi untuk Android pada 20 Agustus 2025,Unknown Date
Antara News,KLH dan TNI akan kolaborasi tangani sampah di sungai krusial,Unknown Date
Antara News,Menteri LH pimpin Aksi Bersih Pasar peringati HPSN 2025 di Cimahi,2025-02-14
Antara News,Ahli geologi dorong pemerintah segera bentuk UU Geologi,Unknown Date
Antara News,Mengenal Anglerfish: Ikan laut dalam yang viral di media sosial,Unknown Date
IDN Times,Berita Terpopuler,Unknown Date
IDN Times,Berita Terkini,Unknown Date
IDN Times,news,Unknown Date
IDN Times,hype,Unknown Date
IDN Times,life,Unknown Date
IDN Times,automotive,Unknown Date
IDN Times,travel,Unknown Date
IDN Times,Kemenag Rilis 16.305 Nama Jemaah Haji Khusus yang Sudah Lunasi Biaya,Unknown Date
IDN Times,Menteri HAM Tunggu Vokalis Sukatani Lapor Soal Pemecatan Guru SDIT,Unknown Date
IDN Times,"Apa Itu Detoks Ketiak, Apakah Ini Dibutuhkan?",Unknown Date
IDN Times,Dejan Ferdinansyah Fokus Latihan Individu Jelang Tur Eropa,Unknown Date
IDN Times,"Cerukan: Pengertian, Faktor-Faktor dan Keuntungannya",Unknown Date
IDN Times,Kemenag Rilis 16.305 Nama Jemaah Haji Khusus yang Sudah Lunasi Biaya,Unknown Date
IDN Times,Menteri HAM Tunggu Vokalis Sukatani Lapor Soal Pemecatan Guru SDIT,Unknown Date
IDN Times,"Apa Itu Detoks Ketiak, Apakah Ini Dibutuhkan?",Unknown Date
IDN Times,Dejan Ferdinansyah Fokus Latihan Individu Jelang Tur Eropa,Unknown Date
IDN Times,"Cerukan: Pengertian, Faktor-Faktor dan Keuntungannya",Unknown Date
IDN Times,"Buka Trash Fest 2025, Rano Karno: Sampah Persoalan Perilaku",Unknown Date
IDN Times,Kenapa Kucing Suka Menjilati Wajah Kita? Ini 7 Alasannya,Unknown Date
IDN Times,"Cek Silang: Pengertian, Jenis-Jenis dan Cara Kerjanya",Unknown Date
IDN Times,30 Menu Buka Puasa Sebulan yang Simpel dan Paling Enak,Unknown Date
IDN Times,FSGI Kecam Pemecatan Vokalis Band Sukatani dari Guru SDIT,2025-02-23
IDN Times,15 Resep Jajanan Buka Puasa Paling Laris saat Ramadan,Unknown Date
IDN Times,Kapolri Tawarkan Band Sukatani Jadi Duta Polri,Unknown Date
IDN Times,Wagub Rano Karno Pastikan 13 Sungai di Jakarta Bakal Dikeruk,Unknown Date
IDN Times,"5 Fakta Unik Invertebrata, Hewan Tanpa Tulang Belakang",Unknown Date
IDN Times,"7 Penyebab Sering Kentut saat Berjalan, Normalkah?",2025-02-23
IDN Times,Kategori Lainnya,Unknown Date
IDN Times,Rekomendasi Artikel,Unknown Date
Sindonews,Trending Topic,Unknown Date
Sindonews,Berita Terkini,Unknown Date
Sindonews,Opini,Unknown Date
Sindonews,Infografis,Unknown Date
Sindonews,Video,Unknown Date
Sindonews,Foto,Unknown Date
Sindonews,Terpopuler,Unknown Date
Sindonews,Cerita Pagi,Unknown Date
Sindonews,Jagad,Unknown Date
Sindonews,Red Carpet,Unknown Date
Sindonews,Terpopuler,Unknown Date
Sindonews,"Pangeran Harry Kembali ke Inggris, Ratu Camilla Putuskan Keluar dari Istana",Unknown Date
Sindonews,"Panglima TNI Tunjuk 5 Danrem Baru di 2025, Berikut Daftar Namanya",Unknown Date
Sindonews,Kapal Perang China Tembaki Armada Angkatan Laut Selandia Baru,Unknown Date
Sindonews,"Dmitry Bivol Balas Kalahkan Artur Beterbiev, Paksakan Trilogi Tak Terbantahkan",Unknown Date
Sindonews,"Danantara Diluncurkan Prabowo Besok, Ini Susunan Pengurus dan Tugasnya",Unknown Date
Sindonews,"Pangeran Harry Kembali ke Inggris, Ratu Camilla Putuskan Keluar dari Istana",Unknown Date
Sindonews,"Panglima TNI Tunjuk 5 Danrem Baru di 2025, Berikut Daftar Namanya",Unknown Date
Sindonews,Kapal Perang China Tembaki Armada Angkatan Laut Selandia Baru,Unknown Date
Sindonews,"Dmitry Bivol Balas Kalahkan Artur Beterbiev, Paksakan Trilogi Tak Terbantahkan",Unknown Date
Sindonews,"Danantara Diluncurkan Prabowo Besok, Ini Susunan Pengurus dan Tugasnya",Unknown Date
Republika,"Tiga Kepala Daerah Peserta Retret Sakit, Dibawa ke RSU Tidar",Unknown Date
Republika,"Trump Bergeming dan Tetap Bekukan Bantuan Luar Negeri, 400 Staf USAID Sudah Dipecat",Unknown Date
Republika,"Dituduh Dukung Zionisme, Anggun: Saya tak Dukung Politik Israel",Unknown Date
Republika,Presiden Prabowo Luncurkan Danantara di Istana Besok Pagi,Unknown Date
Republika,Kapolri Tawarkan Band Sukatani Jadi Duta Polri,Unknown Date
Republika,Rekomendasi,Unknown Date
Republika,Langkah Awal Kepemimpinan Farhan-Erwin di Kota Bandung,Unknown Date
Republika,Prabowo Ngobrol Bareng Pemred di Hambalang Selama Enam Jam,Unknown Date
Republika,Cap Go Meh 2025: Garut Lautan Manusia Saksikan Kemeriahan Kirab Budaya,Unknown Date
Republika,"Jelang Puasa, Tempat Wisata di Kota Sukabumi Dipadati Pengunjung yang Papajar",Unknown Date
Republika,Siswa-Siwa SD di Maluku Utara Antusias Dapat Buku Bacaan Bermutu dari Kemendikdasmen,Unknown Date
Republika,Menteri LH Minta APINDO Jabar Jadi Penggerak Pengelolaan Sampah di Dunia Usaha,Unknown Date
Republika,Seberapa Besar Pahala Umroh di Bulan Ramadhan?,Unknown Date
Republika,"20 Prodi Favorit UGM di Jalur SNBT, Peminatnya Ada yang di Atas 4.000 Orang",Unknown Date
Republika,Ini Harapan Masyarakat Atas Pelantikan Bupati dan Wabup OKU Timur,Unknown Date
Republika,Edukasi Pemanfaatan Sampah di Trash Fest 2025,Unknown Date
Republika,"Tiga Kepala Daerah Peserta Retret Sakit, Dibawa ke RSU Tidar",Unknown Date
Republika,"Hasto Kristiyanto Ditahan KPK, PDIP Yogya: Abuse of Power Terjadi",Unknown Date
Republika,"Sediakan Toko Khusus di Lingkungan Kantor, PLN Fasilitasi UMKM",Unknown Date
Republika,TNI AL Kerahkan Dua Kapal Perang Patroli di Perairan Blok Ambalat,Unknown Date
Republika,The Spider Kids 2025 Jaring Bakat Atlet Panjat Tebing Muda,Unknown Date
Republika,BSI Terus Perkuat Kualitas DPK Lewat Layanan Inovatif dan Inklusif,Unknown Date
Republika,Banyak Keutamaan Mengerjakan Haji dan Umroh,Unknown Date
Republika,"Ancam Bocah Pakai Pistol Mainan, Pria di Bandung Barat Nyaris jadi Bulan-bulanan Warga",Unknown Date
Republika,Penuh Keakraban: Sarasehan Kepala MAN 2 Bantul dan Ketua DPD IPHI 1986 DIY,Unknown Date
Republika,Sarasehan Pelajar Pemimpin Inspirasi: Membangun Pengaruh dari Hal Kecil,Unknown Date
Republika,Peran Armada Maritim Islam: Membangun Jaringan Global dan Penyebaran Islam ke Nusantara,Unknown Date
Republika,"Ramadhan Ini, Lebih Bermakna atau Sekadar Rutinitas?",Unknown Date
Republika,"Dikejar Warga, Maling Loncat ke Sungai Opak Bantul Hingga Tenggelam dan Tewas",Unknown Date
Republika,"Mendoakan Keburukan untuk PelakuBully, Bolehkah?",Unknown Date
Republika,"Sungai Kenali Asam Meluap, Puluhan Rumah di Jambi Terendam Banjir",Unknown Date
Republika,Ekonom: Kelola Danantara Sesuai ESG Agar Tarik Investor Asing,Unknown Date
Republika,"Manajemen Persebaya Beri Kesempatan Terakhir Paul Munster, Wajib Menang Lawan Persib",Unknown Date
Republika,"Soal Sukatani, Polri Sebut Pemeriksaan Dugaan Diintimidasi Polisi Berlanjut",Unknown Date
Republika,756 Orang Jadi Calon Jamaah Haji Cadangan di Medan,Unknown Date
Republika,Saat Ribuan Santri Lafalkan Huruf Hijaiyah Bersama,Unknown Date
Republika,"Trump Bergeming dan Tetap Bekukan Bantuan Luar Negeri, 400 Staf USAID Sudah Dipecat",Unknown Date
Republika,OJK Dorong Keuangan Syariah untuk Kesejahteraan Masyarakat Melalui GERAK Syariah 2025,Unknown Date
Republika,Ribuan Masyarakat dari Berbagai Ormas Islam se-Bandung Gelar Aksi Bela Palestina,Unknown Date
Republika,BCA Syariah Dorong Pembiayaan Berkelanjutan melalui Mobil Listrik,Unknown Date
Republika,Tren 2025: Asuransi Perjalanan dan Kendaraan EV Diprediksi Makin Diminati,Unknown Date
Republika,"BCA Syariah Kaji Bisnis Bullion Bank, Prioritaskan Pembiayaan Emas",Unknown Date
Republika,Prakiraan Cuaca Besok 24 Februari 2025 di Kota Padang: Berawan,Unknown Date
Republika,4.025 Siswa di Bandung Barat Ditargetkan Terima Makan Bergizi Gratis,Unknown Date
Republika,"Dituduh Dukung Zionisme, Anggun: Saya tak Dukung Politik Israel",Unknown Date
Republika,UpdateKondisi Paus Frasiskus: Sudah Bisa Beristirahat Semalaman,Unknown Date
Republika,Quo VadisSektor Maritim Indonesia? Sebuah Tinjauan,Unknown Date
Republika,Gencatan Senjata di Ujung Tanduk,Unknown Date
Republika,Menyambut Ramadhan: Tantangan dan Strategi Pengendalian Diri bagi Pekerja Profesional,Unknown Date
Republika,"Tentukan Awal Ramadhan 2025, Kemenag Akan Pantau 125 Titik Hilal",Unknown Date
Republika,Prakiraan Cuaca Kota Banda Aceh: Hujan Ringan pada 24 Februari 2025,Unknown Date
Republika,Komisi VI  DPR Yakin Presiden telah Kantongi Nama Tepat untuk Pimpin Danantara,Unknown Date
Republika,BPKH: UMKM Berperan Pasarkan Rendang di Arab Saudi,Unknown Date
Republika,"Banyak Jabatan Kadis Kosong, Lucky-Syaefudin Bakal Nge-gas Benahi Birokrasi",Unknown Date
Republika,"Razia Jelang Ramadhan, 8 Pemuda di Sumedang Mabuk Obat dan Miras Ditangkap Polisi",Unknown Date
Republika,Presiden Prabowo Luncurkan Danantara di Istana Besok Pagi,Unknown Date
Republika,"Mendoakan Keburukan untuk PelakuBully, Bolehkah?",Unknown Date
Republika,Ragam Manfaat Membaca Kalimat Thayyibah,Unknown Date
Republika,"Jadwal Sholat Hari Ini di Palembang, 23 February 2025: Semangat Menjalankan Ibadah pada Waktunya",Unknown Date
Republika,Jadwal Sholat Hari Ini: 23 Februari 2025 - Jakarta,Unknown Date
Republika,Muamalah Utang Piutang,Unknown Date
Republika,"Ditinggal AS, Uni Eropa Rapat Darurat",Unknown Date
Republika,Netanyahu Isyaratkan Jalankan Rencana Trump di Gaza,Unknown Date
Republika,Gaza Bukan untuk Disewa atau Dibeli!,Unknown Date
Republika,Langkah Awal Kepemimpinan Farhan-Erwin di Kota Bandung,Unknown Date
Republika,Prabowo Ngobrol Bareng Pemred di Hambalang Selama Enam Jam,Unknown Date
Republika,Cap Go Meh 2025: Garut Lautan Manusia Saksikan Kemeriahan Kirab Budaya,Unknown Date
Republika,"Jelang Puasa, Tempat Wisata di Kota Sukabumi Dipadati Pengunjung yang Papajar",Unknown Date
Republika,Sikap Tawakal saat Mencari Rezeki,Unknown Date
Republika,Bulan Puasa dan Alquran,Unknown Date
Republika,"Bisnis Kafe Tempat Muda-mudiNongkrong, Halalkah?",Unknown Date
Republika,Seberapa Besar Pahala Umroh di Bulan Ramadhan?,Unknown Date
Republika,Kanal,Unknown Date
Republika,About Us,Unknown Date
Republika,Republika telah diverifikasi oleh Dewan Pers,Unknown Date
Republika,Sertifikat Nomor 1058/DP-Verifikasi/K/XII/2022,Unknown Date
Republika,Ikuti Kami,Unknown Date
Republika,Hubungi Kami,Unknown Date
Republika,Jelajahi Berita di Apps Kami,Unknown Date
JPNN,Irjen Iqbal Desak Perusahaan Bertanggung Jawab Atas Kecelakaan Truk di Sungai Segati,Unknown Date
JPNN,"Duit Rp 1 Miliar yang Dipinjam Ternyata Uang Palsu, Warga Karawang Tertipu",Unknown Date
JPNN,Kompolnas Buka Suara Soal Pemeriksaan Anggota Ditsiber Polda Jateng Terkait Sukatani,Unknown Date
JPNN,"Bubarkan Tawuran di Cikini Jakpus, Polisi Tangkap 3 Remaja",Unknown Date
JPNN,Jefridin Hamid Pastikan TPP ASN Tetap Cair tanpa Ada Pemangkasan,Unknown Date
JPNN,Irjen Iqbal Desak Perusahaan Bertanggung Jawab Atas Kecelakaan Truk di Sungai Segati,Unknown Date
JPNN,"Duit Rp 1 Miliar yang Dipinjam Ternyata Uang Palsu, Warga Karawang Tertipu",Unknown Date
JPNN,Kompolnas Buka Suara Soal Pemeriksaan Anggota Ditsiber Polda Jateng Terkait Sukatani,Unknown Date
JPNN,"Bubarkan Tawuran di Cikini Jakpus, Polisi Tangkap 3 Remaja",Unknown Date
JPNN,Jefridin Hamid Pastikan TPP ASN Tetap Cair tanpa Ada Pemangkasan,Unknown Date
JPNN,Lestari Moerdijat Tekankan Transparansi Penyaluran Beasiswa PIP Harus Dikedepankan,Unknown Date
JPNN,FK &FKG Universitas Ciputra Gelar Pemeriksaan-Pengobatan Gratis bagi Masyarakat Gresik,Unknown Date
JPNN,"Lari jadi Tren di Masyarakat, Waka MPR: Harus Didukung Upaya Wujudkan Udara Bersih",Unknown Date
JPNN,"MNEK 2025 Berakhir, Puluhan Alutsista Laut & Udara Bikin Formasi di Perairan Bali",Unknown Date
JPNN,Pemprov Jateng Berkomitmen Berikan Tali Asih Bagi Anak-anak Penghafal Al-Qur'an 30 Juz,Unknown Date
JPNN,Kapolres Serang Gandeng Bobon Masak 1.500 Soto Tangkar,Unknown Date
JPNN,"Indonesia Gelap, Ada New Luhut di Pemerintahan Prabowo? | Reaction JPNN",Unknown Date
JPNN,Rian D'masiv Tanggapi Kontroversi Lagu Sukatani,Unknown Date
JPNN,"Honorarium Honorer di Bawah Rp 500 Ribu, Gaji PPPK Paruh Waktu Piro?",Unknown Date
JPNN,Cegah Kasus Kesehatan Mental Lewat Platform Heroremaja Besutan Yayasan Plato,Unknown Date
JPNN,"Nakhodai IKA PMII, Fathan Subchi Siap Wujudkan Indonesia Emas 2045",Unknown Date
JPNN,DPRD Minta Dinas Perikanan Tingkatkan PAD dari 12 TPI yang Ada di Karawang,Unknown Date
JPNN,Pangdam Mayjen Rudy Rachmat Ikut Bersih-bersih Pantai Saloloang: Semua Harus Bergerak,Unknown Date
JPNN,"Polri: Masuk Polisi Gratis, Jangan Percaya Kalau Dirayu Bayar",Unknown Date
JPNN,"Tampil di Weekend Project #2 Sound Of Love, Aldi Taher Bawakan Lagu Munaroh",Unknown Date
JPNN,"Viral Warga Asal Sultra Mengaku Ditolak Dinsos Jatim, Ternyata",Unknown Date
JPNN,"Dukung Mudik Lebaran, Hutama Karya Kebut Proyek Tol Palembang-Betung",Unknown Date
JPNN,Honorer di Jabatan Tampungan Diangkat PPPK Tahap 2? Info BKN Bikin Degdegan,Unknown Date
JPNN,"Kontroversi Rencana Penamaan Jalan Pramoedya Ananta Toer, Apresiasi Terhalang Stigma Kiri",Unknown Date
JPNN,"Kisah Jenderal Gondrong ke Iran demi Berantas Narkoba, Dijaga Ketat di Depan Kamar Hotel",Unknown Date
JPNN,Petani Muda Al Fansuri Menuangkan Keresahan Melalui Buku Berjudul Agrikultur Progresif,Unknown Date
JPNN,"Setahun Badan Karantina Indonesia, Bayi yang Bertekad Meraksasa demi Menjaga Pertahanan Negara",Unknown Date
JPNN,"Calon PPPK Bantul Perlu Tahu, Gaji Tahun Ini Cuma untuk 6 Bulan",Unknown Date
JPNN,"Perampokan Sadis di Kampar, Wanita Tewas, Uang Rp 40 Juta dan Perhiasan Raib",Unknown Date
JPNN,"PSM Makassar vs Persija Jakarta 1-0, Rekor Positif 8 Tahun Hancur",Unknown Date
JPNN,Statistik PSM Makassar vs Persija: Taktik Bernardo Tavares Lebih Efektif,Unknown Date
JPNN,"Apes, Belasan Pengunjung Festival di Magetan Jadi Korban Copet",Unknown Date
JPNN,Laksda Edwin Ungkap Potensi Laut untuk Swasembada Pangan Lewat Buku,Unknown Date
JPNN,"Arahan Kolonel Untoro ke Seluruh Prajurit: Jauhi Judol, Itu Awal Petaka",Unknown Date
JPNN,"Latihan Berganda TNI AU di Lanud Adi Soemarmo, 533 Prajurit Siswa Ditempa",Unknown Date
JPNN,"Soal Pembangunan Kodam Baru, Jenderal Maruli: Tahun Ini Terealisasi",Unknown Date
JPNN,Wamenag Minta PUI Inisiasi Silaturahim Akbar Ormas Islam,Unknown Date
JPNN,"Barito Putera vs Bali United: Matias Mier Absen, Vitor Tinoco Blak-blakan",Unknown Date
JPNN,"Ekonom Mewanti-Wanti, Pengelolaan Danantara Jangan jadi Bola Panas",Unknown Date
JPNN,Irjen Iqbal Desak Perusahaan Bertanggung Jawab Atas Kecelakaan Truk di Sungai Segati,Unknown Date
JPNN,Vilo Gelato Luncurkan 4 Varian Baru: Lebih Sehat dan Nikmat,Unknown Date
JPNN,OTW tiket.com Harga Geledek Termeriah,Unknown Date
JPNN,Aksi Indonesia Gelap,2025-02-23
JPNN,Dicoding Connect 2025: Indonesia's Tech Education Outlook,Unknown Date
JPNN,Modena Pure Hub Dukung Gerakan Refill & Daur Ulang Plastik di CFD Sudirman,Unknown Date
JPNN,Menlu Sugiono Rayu Belanda demi Sukseskan Program Prioritas Indonesia,Unknown Date
JPNN,Ratusan Peserta Meriahkan CLK PNY Fun Run Berlari Tanpa Polarisasi,2025-02-23
JPNN,Fauka Noor Farid: BPI Danantara Jadi Solusi Jitu Memberangus Tikus-tikus BUMN!,Unknown Date
JPNN,"Duit Rp 1 Miliar yang Dipinjam Ternyata Uang Palsu, Warga Karawang Tertipu",Unknown Date
JPNN,"Tancap Gas Usai Dilantik, Wagub Seno Aji Gelar Rapat Perdana Bahas Ini dengan SKPD Besok",Unknown Date
JPNN,Hasil Liga 1: Gol Nermin Haljeta Jadi Penentu PSM Makassar Bungkam Persija,2025-02-23
JPNN,"Tepis Kekhawatiran Efisiensi Berdampak ke Kualitas Pendidikan, Kadisdikbud Beri Penegasan",Unknown Date
JPNN,"Irjen Iqbal Tempuh 3 Jam ke Lokasi Truk Tercebur di Sungai Segati, 9 Orang Masih Dicari",Unknown Date
JPNN,"Pengayoman Run 2025: Bangun Kebersamaan untuk Hidup Sehat, Bukan Sekadar Kemenangan",Unknown Date
JPNN,"Paksa Kepala Daerah Ikut Retret, Prabowo Disebut Mau Tiru Rezim Orde Baru",2025-02-23
JPNN,Polisi Izinkan Band Sukatani Kembali Bawakan Lagu Bayar Bayar Bayar di Panggung,Unknown Date
JPNN,"Duit Rp 1 Miliar yang Dipinjam Ternyata Uang Palsu, Warga Karawang Tertipu",Unknown Date
JPNN,Statistik PSM Makassar vs Persija: Taktik Bernardo Tavares Lebih Efektif,Unknown Date
JPNN,"Perampokan Sadis di Kampar, Wanita Tewas, Uang Rp 40 Juta dan Perhiasan Raib",2025-02-23
JPNN,Presiden Prabowo Bakal Lantik 961 Kepala Daerah Hari Ini,Unknown Date
JPNN,Saksi Ahli di MK: Tindakan KPU Barito Utara Sudah Sesuai Parameter Pemilu Demokratis,Unknown Date
JPNN,Ratu Zakiyah-Najib Hamas Ajak Masyarakat Bersatu untuk Bangun Serang Lebih Maju,Unknown Date
JPNN,Liga 1: Taktik 'Parkir Bus' Madura United Buat Persib Kesulitan Mencetak Gol,Unknown Date
JPNN,Liga 1: Respons Pelatih Madura United Setelah Menahan Imbang Persib Bandung,Unknown Date
JPNN,Persib vs Madura United: Maung Bandung Mendadak Kehilangan Beckham Putra,Unknown Date
JPNN,"Honorarium Honorer di Bawah Rp 500 Ribu, Gaji PPPK Paruh Waktu Piro?",Unknown Date
JPNN,Honorer di Jabatan Tampungan Diangkat PPPK Tahap 2? Info BKN Bikin Degdegan,Unknown Date
JPNN,"Pengumuman Seleksi Administrasi PPPK Tahap 2 Muncul Jabatan Tampungan, BKN Angkat Suara",Unknown Date
JPNN,"Apes, Belasan Pengunjung Festival di Magetan Jadi Korban Copet",Unknown Date
JPNN,"Irjen Iqbal Tempuh 3 Jam ke Lokasi Truk Tercebur di Sungai Segati, 9 Orang Masih Dicari",Unknown Date
JPNN,Tingtal Sebahu,Unknown Date
JPNN,TRENDINGTOPIC,Unknown Date
JPNN,BERITATERBARUINDEKS BERITA,2025-02-23
JPNN,VIDEOTERBARUINDEKS VIDEO,Unknown Date
JPNN,FEATURES,Unknown Date
JPNN,MILITERIANA,Unknown Date
JPNN,FOTOTERBARUINDEKS FOTO,2025-02-23
JPNN,TERPOPULER,Unknown Date
JPNN,Liga 1,Unknown Date
JPNN,PPPK,Unknown Date
JPNN,PILIHANREDAKSI,2025-02-23
The Jakarta Post,Editor's Picks,Unknown Date
Beritasatu,"Kenang Kekalahan dalam Pemilihan Wapres, SBY: Kalah Itu Indah",Unknown Date
Beritasatu,"Sejumlah Kepala Daerah Akan Gabung Retret, Wamendagri: Kita Tunggu Saja",Unknown Date
Beritasatu,"Tumbang dari PSM, Persija Kian Sulit Kejar Persib di Puncak Klasemen",Unknown Date
Beritasatu,Erick Thohir Pastikan Emil Audero Jalani Proses Naturalisasi,Unknown Date
Beritasatu,PSSI Pecat Indra Sjafri sebagai Pelatih Timnas Indonesia U-20,Unknown Date
Beritasatu,"Kapolri Tawarkan Band Sukatani Jadi Duta Polri setelah Viral Lagu Bayar, Bayar, Bayar",Unknown Date
Beritasatu,"Nikita Mirzani Mengaku Hamil, Netizen: Mulai Drama Takut Diciduk",Unknown Date
Beritasatu,Retret Kepala Daerah,Unknown Date
Beritasatu,BERITA TERKINI,Unknown Date
Beritasatu,nusantara,Unknown Date
Beritasatu,INFOGRAFIK,Unknown Date
Beritasatu,Lika-liku Penahanan Hasto Kristiyanto karena Terkait Harun Masiku,Unknown Date
Beritasatu,Jangan Sampai Gagal Berangkat! Ini Cara Pelunasan Biaya Haji 2025,Unknown Date
Beritasatu,Infografik Perbedaan SPMB 2025 dengan PPDB,2025-02-23
Beritasatu,VIDEO TERKINI,Unknown Date
Beritasatu,Pos Indonesia Salurkan 11.555 Bansos PKH dan Sembako di Depok,2025-02-23
Beritasatu,"Pos Indonesia Salurkan Bantuan PKH dan Sembako di Tangerang Selatan, Penerima Harap Program Berlanjut",Unknown Date
Beritasatu,Pos Indonesia Salurkan BLT PKH dan Bantuan Sembako di Bandung Barat,2025-02-23
Beritasatu,Truk Tronton Peragakan Olah TKP Kecelakaan Maut di GT Ciawi,Unknown Date
Beritasatu,"Sedang Olah TKP, Polisi Temukan Kerangka Manusia di Septic Tank",Unknown Date
Beritasatu,Ruang Tengah 4 Februari 2025,Unknown Date
Kaltim Today,KALTIM TODAY,Unknown Date
Kaltim Today,KALTIM TODAY,Unknown Date
Kaltim Today,Breaking News,Unknown Date
Kaltim Today,Advertorial,Unknown Date
Kaltim Today,Opini & Catatan,Unknown Date
Kaltim Today,Berita Terkini,Unknown Date
Kaltim Today,Nasional,Unknown Date
Kaltim Today,Kaltim,Unknown Date
Kaltim Today,Daerah,Unknown Date
Kaltim Today,Trending,Unknown Date
Kaltim Today,Video,Unknown Date
Kaltim Today,Infografis,Unknown Date
Kaltim Today,Berlangganan berita terbaru dari Kaltim Today,Unknown Date
Kaltim Today,Topik,Unknown Date
Kaltim Today,Link,Unknown Date
Kaltim Today,More,Unknown Date
Kaltim Today,Daerah,Unknown Date
Kaltim Today,Info,Unknown Date
Kaltim Today,Sosial,Unknown Date
Kaltim Today,More,Unknown Date
Kaltim Today,Sosial,Unknown Date
Kaltim Today,Topik,Unknown Date
Kaltim Today,Link,Unknown Date
Kaltim Today,More,Unknown Date
Kaltim Today,Daerah,Unknown Date
Kaltim Today,Info,Unknown Date
Kaltim Today,Sosial,Unknown Date
Kaltim Today,More,Unknown Date
Kaltim Today,Sosial,Unknown Date
Popbela,Chloé Buka Butik Pertamanya di Plaza Indonesia,Unknown Date
Popbela,7 Model Baju Sasirangan Tunik Lengan Panjang yang Elegan,Unknown Date
Popbela,"Yuk, Coba Gaya Trendi dengan Model Cardigan Wanita Terbaru Ini!",Unknown Date
Popbela,Now On Popbela,Unknown Date
Popbela,The Latest,Unknown Date
Popbela,Trending,Unknown Date
Popbela,"7 Tempat Buka Puasa di Bandung, Ada Konsep Cruise di Atas Kapal!",Unknown Date
Popbela,"9 Tempat Ngabuburit di Bandung yang Asyik, Mana Favoritmu?",Unknown Date
Popbela,"5 Resep Buka Puasa Simpel, Mudah dan Cepat Buatnya",Unknown Date
Popbela,"8 Rekomendasi Hotel Mewah di Labuan Bajo, Mulai Rp600 Ribu",Unknown Date
Popbela,"5 Resep Minuman Es untuk Buka Puasa yang Segar, Sehat dan Enak",Unknown Date
Popbela,Chloé Buka Butik Pertamanya di Plaza Indonesia,Unknown Date
Popbela,7 Model Baju Sasirangan Tunik Lengan Panjang yang Elegan,Unknown Date
Popbela,"Yuk, Coba Gaya Trendi dengan Model Cardigan Wanita Terbaru Ini!",2025-02-23
Popbela,Memilih Bikini Sesuai Bentuk Tubuh,Unknown Date
Popbela,Simak Mix & Match Pakai Cropped Top Biar Gayamu Makin Stylish!,Unknown Date
Popbela,Alergi Pembalut: Gejala dan Cara Mengatasinya,Unknown Date
Popbela,8 Cara Mencegah dan Merawat Rambut Bercabang Supaya Tetap Indah,Unknown Date
Popbela,"7 Rekomendasi Sampo Antiketombe dan Gatal, Ampuh!",Unknown Date
Popbela,"7 Mitos yang Sering Kamu Dengar Tentang G-spot, Apa Saja?",2025-02-23
Popbela,Tertarik Coba Helix Piercing? Cari Tahu Tips Merawatnya Yuk,Unknown Date
Popbela,30+ Kosakata tentang Cinta dalam Bahasa Mandarin dan Artinya,Unknown Date
Popbela,"Dicintai Ugal-ugalan oleh Park Bom, Lee Min Ho Beri Klarifikasi",Unknown Date
Popbela,"5 Fakta Asmara Park Bo Young, Sempat Dirumorkan Kencan Beberapa Kali",Unknown Date
Popbela,5 Idol K-Pop Perempuan yang Menganggap Pernikahan Tak Terlalu Penting,Unknown Date
Popbela,"5 Fakta Dugaan Perselingkuhan Young Lex, Istri Hapus Foto Bersama",2025-02-23
Popbela,5 Cara Cek Garansi OPPO yang Mudah dan Lengkap,Unknown Date
Popbela,"Lirik ""ATTITUDE"" - IVE Rilis Mini Album Ketiga 'IVE EMPATHY'",Unknown Date
Popbela,"9 Film Terbaru Prime Video Tahun 2025, Ada Kesukaanmu?",Unknown Date
Popbela,Cara Membuat Logo di Canva Lewat Laptop dan Handphone,Unknown Date
Popbela,"Deskripsi Diri di CV Fresh Graduate, Perhatikan Bagian Penting Ini",Unknown Date
Popbela,"7 Tempat Buka Puasa di Bandung, Ada Konsep Cruise di Atas Kapal!",Unknown Date
Popbela,"9 Tempat Ngabuburit di Bandung yang Asyik, Mana Favoritmu?",Unknown Date
Popbela,"5 Resep Buka Puasa Simpel, Mudah dan Cepat Buatnya",Unknown Date
Popbela,"8 Rekomendasi Hotel Mewah di Labuan Bajo, Mulai Rp600 Ribu",Unknown Date
Popbela,"5 Resep Minuman Es untuk Buka Puasa yang Segar, Sehat dan Enak",Unknown Date
Popbela,Chloé Buka Butik Pertamanya di Plaza Indonesia,Unknown Date
Popbela,7 Model Baju Sasirangan Tunik Lengan Panjang yang Elegan,Unknown Date
Popbela,"Yuk, Coba Gaya Trendi dengan Model Cardigan Wanita Terbaru Ini!",Unknown Date
Popbela,Memilih Bikini Sesuai Bentuk Tubuh,Unknown Date
Popbela,Simak Mix & Match Pakai Cropped Top Biar Gayamu Makin Stylish!,Unknown Date
Popbela,Alergi Pembalut: Gejala dan Cara Mengatasinya,2025-02-23
Popbela,8 Cara Mencegah dan Merawat Rambut Bercabang Supaya Tetap Indah,Unknown Date
Popbela,"7 Rekomendasi Sampo Antiketombe dan Gatal, Ampuh!",Unknown Date
Popbela,"7 Mitos yang Sering Kamu Dengar Tentang G-spot, Apa Saja?",Unknown Date
Popbela,Tertarik Coba Helix Piercing? Cari Tahu Tips Merawatnya Yuk,Unknown Date
Popbela,30+ Kosakata tentang Cinta dalam Bahasa Mandarin dan Artinya,Unknown Date
Popbela,"Dicintai Ugal-ugalan oleh Park Bom, Lee Min Ho Beri Klarifikasi",Unknown Date
Popbela,"5 Fakta Asmara Park Bo Young, Sempat Dirumorkan Kencan Beberapa Kali",Unknown Date
Popbela,5 Idol K-Pop Perempuan yang Menganggap Pernikahan Tak Terlalu Penting,Unknown Date
Popbela,"5 Fakta Dugaan Perselingkuhan Young Lex, Istri Hapus Foto Bersama",2025-02-23
Popbela,5 Cara Cek Garansi OPPO yang Mudah dan Lengkap,Unknown Date
Popbela,"Lirik ""ATTITUDE"" - IVE Rilis Mini Album Ketiga 'IVE EMPATHY'",Unknown Date
Popbela,"9 Film Terbaru Prime Video Tahun 2025, Ada Kesukaanmu?",Unknown Date
Popbela,Cara Membuat Logo di Canva Lewat Laptop dan Handphone,Unknown Date
Popbela,"Deskripsi Diri di CV Fresh Graduate, Perhatikan Bagian Penting Ini",Unknown Date
Popbela,"7 Tempat Buka Puasa di Bandung, Ada Konsep Cruise di Atas Kapal!",Unknown Date
Popbela,"9 Tempat Ngabuburit di Bandung yang Asyik, Mana Favoritmu?",2025-02-23
Popbela,"5 Resep Buka Puasa Simpel, Mudah dan Cepat Buatnya",Unknown Date
Popbela,"8 Rekomendasi Hotel Mewah di Labuan Bajo, Mulai Rp600 Ribu",Unknown Date
Popbela,"5 Resep Minuman Es untuk Buka Puasa yang Segar, Sehat dan Enak",Unknown Date
